{"type":"FeatureCollection","features":[{"type":"Feature","id":"1bbbceea-17e2-4f41-907e-d6bc7b3c82d6","geometry":{"type":"Polygon","coordinates":[[[3749.15, 2001.8],[3749.15, 2054.8],[3749.15, 2096.8],[3749.15, 2117.8],[3749.15, 2128.8],[3749.15, 2138.8],[3754.15, 2190.8],[3769.15, 2239.8],[3794.15, 2285.8],[3827.15, 2325.8],[3867.15, 2358.8],[3913.15, 2383.8],[3962.15, 2398.8],[3996.69, 2402.12],[4000.15, 2402.8],[4003.15, 2402.74],[4014.15, 2403.8],[4024.15, 2403.8],[4043.15, 2401.97],[4052.15, 2401.8],[4059.08, 2400.44],[4076.15, 2398.8],[4091.65, 2394.05],[4103.15, 2391.8],[4135.15, 2381.8],[4135.77, 2381.53],[4139.15, 2380.8],[4203.15, 2359.8],[4205.68, 2358.67],[4259.34, 2342.71],[4266.15, 2344.8],[4270.15, 2345.11],[4282.15, 2348.8],[4285.15, 2348.8],[4298.15, 2352.8],[4311.15, 2353.8],[4341.65, 2353.8],[4348.15, 2355.8],[4361.15, 2356.8],[4385.15, 2356.8],[4398.15, 2355.8],[4404.64, 2353.8],[4413.15, 2353.8],[4426.15, 2352.8],[4432.14, 2350.95],[4432.15, 2350.95],[4434.15, 2350.8],[4447.15, 2346.8],[4449.95, 2345.4],[4455.15, 2343.8],[4457.95, 2342.4],[4463.15, 2340.8],[4464.79, 2339.98],[4467.15, 2339.8],[4480.15, 2335.8],[4492.15, 2329.8],[4493.4, 2328.68],[4493.98, 2328.39],[4499.15, 2326.8],[4501.55, 2325.6],[4504.15, 2324.8],[4510.15, 2321.8],[4516.15, 2318.8],[4522.15, 2315.8],[4524.65, 2313.55],[4530.15, 2310.8],[4531.4, 2309.68],[4535.15, 2307.8],[4541.15, 2304.8],[4551.15, 2295.8],[4552.56, 2294.23],[4552.57, 2294.22],[4554.15, 2292.8],[4555.1, 2291.75],[4556.15, 2290.8],[4565.15, 2280.8],[4567.78, 2275.55],[4571.15, 2271.8],[4573.03, 2268.05],[4574.15, 2266.8],[4576.15, 2263.8],[4578.03, 2260.05],[4579.15, 2258.8],[4581.78, 2253.55],[4585.15, 2249.8],[4586.24, 2247.62],[4587.15, 2246.8],[4590.94, 2242.59],[4595.15, 2238.8],[4604.15, 2228.8],[4606.53, 2224.05],[4606.53, 2224.04],[4612.15, 2217.8],[4615.15, 2211.8],[4616.03, 2210.05],[4617.15, 2208.8],[4619.03, 2205.05],[4620.15, 2203.8],[4626.15, 2191.8],[4627.75, 2186.6],[4629.15, 2183.8],[4630.75, 2178.6],[4632.15, 2175.8],[4633.75, 2170.6],[4634.15, 2169.8],[4634.46, 2168.79],[4637.15, 2165.8],[4642.53, 2155.05],[4648.15, 2148.8],[4648.52, 2148.05],[4648.53, 2148.04],[4653.15, 2144.8],[4693.15, 2110.8],[4697.09, 2105.76],[4748.12, 2054.03],[4827.63, 1992.1],[4828.15, 1991.8],[4913.15, 1928.8],[4917.62, 1924.68],[4922.15, 1921.8],[4970.45, 1882.61],[5051.15, 1822.8],[5060.83, 1813.88],[5103.74, 1779.88],[5110.15, 1775.8],[5205.15, 1700.8],[5218.83, 1687.48],[5228.15, 1679.8],[5262.71, 1645.24],[5340.68, 1590.8],[5373.15, 1590.8],[5378.65, 1590.38],[5384.15, 1590.8],[5393.15, 1590.8],[5406.15, 1589.8],[5415.82, 1586.83],[5416.15, 1586.8],[5429.15, 1582.8],[5430.35, 1582.2],[5438.15, 1579.8],[5440.55, 1578.6],[5443.15, 1577.8],[5455.15, 1571.8],[5460.15, 1567.3],[5463.15, 1565.8],[5469.15, 1562.8],[5470.4, 1561.68],[5472.15, 1560.8],[5473.4, 1559.68],[5477.15, 1557.8],[5487.15, 1548.8],[5488.56, 1547.23],[5488.57, 1547.22],[5490.15, 1545.8],[5497.73, 1537.38],[5506.15, 1529.8],[5507.56, 1528.23],[5507.57, 1528.22],[5509.15, 1526.8],[5513.15, 1524.8],[5515.65, 1522.55],[5521.15, 1519.8],[5526.15, 1515.3],[5529.15, 1513.8],[5534.15, 1509.3],[5535.15, 1508.8],[5545.15, 1499.8],[5546.4, 1498.68],[5548.15, 1497.8],[5556.9, 1489.93],[5559.15, 1488.8],[5562.15, 1486.8],[5563.4, 1485.68],[5567.15, 1483.8],[5567.93, 1483.1],[5572.15, 1481.8],[5574.95, 1480.4],[5576.48, 1479.93],[5578.15, 1479.8],[5581.41, 1478.8],[5619.15, 1478.8],[5624.15, 1478.03],[5627.15, 1477.8],[5628.65, 1477.34],[5632.15, 1476.8],[5639.15, 1474.11],[5640.15, 1473.8],[5640.82, 1473.47],[5645.15, 1471.8],[5645.55, 1471.6],[5648.15, 1470.8],[5649.35, 1470.2],[5657.15, 1467.8],[5659.95, 1466.4],[5665.15, 1464.8],[5677.15, 1458.8],[5678.4, 1457.68],[5680.15, 1456.8],[5680.51, 1456.48],[5687.15, 1459.8],[5700.15, 1463.8],[5713.15, 1464.8],[5716.15, 1464.8],[5729.15, 1463.8],[5742.15, 1459.8],[5754.15, 1453.8],[5764.15, 1444.8],[5773.15, 1434.8],[5773.65, 1433.8],[5780.15, 1431.8],[5792.15, 1425.8],[5801.11, 1417.74],[5805.15, 1414.8],[5814.15, 1404.8],[5815.44, 1402.59],[5816.15, 1401.8],[5817.03, 1400.05],[5818.15, 1398.8],[5821.15, 1395.8],[5830.15, 1385.8],[5831.15, 1383.8],[5833.15, 1382.8],[5843.15, 1373.8],[5843.97, 1372.89],[5852.15, 1368.8],[5862.15, 1359.8],[5862.86, 1359.01],[5863.15, 1358.8],[5864.82, 1357.47],[5874.15, 1352.8],[5883.29, 1344.58],[5885.15, 1343.8],[5890.15, 1340.8],[5892.35, 1339.2],[5893.15, 1338.8],[5894.2, 1337.85],[5901.15, 1332.8],[5904.41, 1329.17],[5904.42, 1329.16],[5907.15, 1327.8],[5912.15, 1323.3],[5915.15, 1321.8],[5918.15, 1319.8],[5928.15, 1310.8],[5928.97, 1309.89],[5931.15, 1308.8],[5937.39, 1303.18],[5938.15, 1302.8],[5949.15, 1295.8],[5951.28, 1293.43],[5952.15, 1292.8],[5952.82, 1291.97],[5955.15, 1290.8],[5966.15, 1283.8],[5974.88, 1275.93],[5975.15, 1275.8],[5976.24, 1274.82],[5983.15, 1269.8],[5985.67, 1267],[5986.15, 1266.8],[5991.15, 1263.8],[5993.15, 1262.8],[5996.29, 1260.8],[6003.15, 1256.8],[6008.68, 1251.83],[6011.15, 1250.8],[6016.15, 1247.8],[6021.15, 1244.8],[6023.15, 1243.8],[6023.86, 1243.35],[6032.15, 1240.8],[6039.29, 1237.23],[6041.15, 1236.8],[6047.15, 1234.8],[6051.15, 1232.8],[6053.55, 1231.6],[6056.15, 1230.8],[6056.86, 1230.51],[6059.15, 1229.8],[6061.95, 1228.4],[6067.15, 1226.8],[6067.44, 1226.66],[6070.16, 1226.03],[6073.15, 1225.8],[6081.49, 1223.24],[6087.15, 1222.8],[6094.84, 1220.44],[6103.15, 1219.8],[6111.49, 1217.24],[6117.15, 1216.8],[6121.12, 1215.57],[6121.13, 1215.57],[6131.15, 1214.8],[6139.49, 1212.24],[6145.15, 1211.8],[6158.15, 1207.8],[6160.95, 1206.4],[6166.15, 1204.8],[6168.55, 1203.6],[6171.15, 1202.8],[6173.95, 1201.4],[6179.15, 1199.8],[6185.15, 1196.8],[6191.15, 1193.8],[6197.15, 1190.8],[6207.15, 1181.8],[6208.56, 1180.23],[6208.57, 1180.22],[6210.15, 1178.8],[6211.1, 1177.75],[6212.15, 1176.8],[6221.15, 1166.8],[6221.86, 1165.39],[6227.15, 1165.8],[6240.15, 1164.8],[6253.15, 1160.8],[6265.15, 1154.8],[6269.44, 1150.94],[6274.15, 1151.07],[6279.95, 1151.7],[6287.34, 1153.5],[6298.15, 1156.8],[6303.15, 1157.34],[6309.15, 1158.8],[6314.63, 1158.95],[6316.01, 1159.38],[6323.15, 1165.8],[6335.15, 1171.8],[6342.95, 1174.2],[6344.15, 1174.8],[6357.15, 1178.8],[6370.15, 1179.8],[6389.15, 1179.8],[6402.15, 1178.8],[6404.15, 1178.19],[6406.15, 1178.8],[6419.15, 1179.8],[6463.15, 1179.8],[6476.15, 1178.8],[6482.64, 1176.8],[6508.4, 1176.8],[6518.15, 1179.8],[6525.65, 1179.8],[6532.15, 1181.8],[6544.48, 1182.75],[6551.15, 1184.8],[6564.15, 1185.8],[6613.15, 1185.8],[6626.15, 1184.8],[6632.66, 1182.8],[6644.48, 1182.8],[6648.15, 1183.65],[6655.15, 1185.8],[6658.65, 1185.8],[6661.71, 1186.36],[6663.15, 1186.8],[6664.48, 1186.9],[6677.15, 1190.8],[6685.55, 1190.8],[6688.15, 1191.8],[6699.15, 1194.8],[6702.65, 1195.34],[6704.15, 1195.8],[6707.15, 1196.03],[6712.15, 1196.8],[6721.65, 1196.8],[6724.71, 1197.36],[6726.15, 1197.8],[6739.15, 1198.8],[6786.15, 1198.8],[6799.15, 1197.8],[6811.15, 1194.8],[6813.67, 1193.8],[6815.15, 1193.8],[6820.13, 1193.03],[6823.15, 1192.8],[6824.65, 1192.34],[6828.15, 1191.8],[6839.15, 1188.8],[6841.76, 1187.8],[6868.15, 1187.8],[6881.15, 1186.8],[6884.4, 1185.8],[6892.15, 1185.8],[6905.15, 1184.8],[6912.48, 1182.54],[6912.5, 1182.54],[6922.15, 1181.8],[6928.65, 1179.8],[6953.15, 1179.8],[6966.15, 1176.8],[6976.42, 1176.8],[6986.15, 1179.8],[7013.15, 1179.8],[7026.15, 1178.8],[7033.82, 1176.44],[7042.15, 1175.8],[7055.15, 1171.8],[7055.95, 1171.4],[7061.15, 1169.8],[7071.15, 1164.8],[7071.55, 1164.6],[7074.15, 1163.8],[7086.15, 1157.8],[7088.65, 1155.55],[7094.15, 1152.8],[7523.26, 1152.8],[7532.15, 1160.8],[7535.9, 1162.68],[7537.15, 1163.8],[7549.15, 1169.8],[7562.15, 1173.8],[7568.16, 1174.26],[7568.17, 1174.26],[7573.15, 1175.8],[7574.82, 1175.93],[7576.35, 1176.4],[7579.15, 1177.8],[7585.15, 1180.8],[7598.15, 1184.8],[7611.15, 1185.8],[7619.15, 1185.8],[7632.15, 1184.8],[7645.15, 1180.8],[7647.95, 1179.4],[7653.15, 1177.8],[7665.15, 1171.8],[7675.15, 1162.8],[7676.57, 1161.22],[7676.58, 1161.21],[7678.15, 1159.8],[7682.8, 1154.63],[7691.15, 1158.8],[7693.75, 1159.6],[7696.15, 1160.8],[7702.15, 1163.8],[7708.15, 1166.8],[7713.35, 1168.4],[7716.15, 1169.8],[7721.35, 1171.4],[7722.15, 1171.8],[7724.75, 1172.6],[7729.15, 1174.8],[7735.15, 1177.8],[7738.4, 1179.43],[7742.15, 1182.8],[7748.15, 1185.8],[7754.15, 1188.8],[7760.15, 1191.8],[7762.75, 1192.6],[7765.15, 1193.8],[7771.4, 1195.73],[7778.15, 1201.8],[7782.9, 1204.18],[7789.15, 1209.8],[7792.16, 1211.31],[7795.86, 1214.63],[7795.15, 1223.8],[7795.15, 1226.8],[7795.15, 1229.8],[7796.15, 1242.8],[7800.15, 1255.8],[7806.15, 1267.8],[7815.15, 1277.8],[7825.15, 1286.8],[7837.15, 1292.8],[7850.15, 1296.8],[7854.47, 1297.13],[7854.48, 1297.13],[7863.15, 1299.8],[7869.14, 1300.26],[7869.15, 1300.26],[7874.15, 1301.8],[7875.48, 1301.9],[7877.74, 1302.6],[7880.15, 1303.8],[7893.15, 1307.8],[7906.15, 1308.8],[7969.15, 1308.8],[7982.15, 1307.8],[7995.15, 1303.8],[7995.95, 1303.4],[8001.15, 1301.8],[8001.85, 1301.51],[8004.15, 1300.8],[8005.03, 1300.36],[8007.18, 1300.03],[8010.15, 1299.8],[8011.65, 1299.34],[8015.15, 1298.8],[8026.15, 1295.8],[8033.15, 1293.11],[8034.15, 1292.8],[8034.82, 1292.47],[8039.15, 1290.8],[8042.82, 1288.47],[8046.15, 1286.8],[8047.4, 1285.68],[8053.15, 1282.8],[8057.15, 1280.8],[8059.22, 1278.94],[8062.21, 1277.03],[8063.15, 1276.8],[8064.82, 1276.13],[8069.15, 1274.8],[8069.86, 1274.51],[8072.15, 1273.8],[8074.95, 1272.4],[8076.48, 1271.93],[8078.15, 1271.8],[8091.15, 1267.8],[8094.75, 1266],[8101.48, 1263.93],[8103.15, 1263.8],[8116.15, 1259.8],[8120.15, 1257.8],[8123.15, 1256.8],[8124.79, 1255.98],[8127.15, 1255.8],[8136.48, 1252.93],[8138.15, 1252.8],[8139.65, 1252.34],[8143.15, 1251.8],[8150.15, 1249.11],[8151.15, 1248.8],[8151.82, 1248.47],[8156.15, 1246.8],[8157.35, 1246.2],[8165.15, 1243.8],[8167.95, 1242.4],[8173.15, 1240.8],[8175.95, 1239.4],[8181.15, 1237.8],[8187.15, 1234.8],[8189.55, 1233.6],[8192.15, 1232.8],[8204.15, 1226.8],[8214.15, 1217.8],[8215.56, 1216.23],[8215.57, 1216.22],[8217.15, 1214.8],[8225.25, 1205.8],[8244.65, 1205.8],[8271.15, 1213.8],[8278.47, 1215.19],[8279.15, 1215.8],[8281.15, 1216.8],[8281.73, 1217.22],[8283.15, 1218.8],[8289.15, 1222.62],[8292.15, 1224.8],[8293.15, 1226.8],[8294.7, 1228.52],[8296.15, 1230.8],[8298.15, 1234.8],[8307.15, 1244.8],[8310.8, 1248.09],[8312.15, 1250.8],[8316.66, 1255.81],[8317.15, 1256.8],[8326.15, 1266.8],[8336.15, 1275.8],[8348.15, 1281.8],[8355.95, 1284.2],[8357.15, 1284.8],[8359.75, 1285.6],[8362.15, 1286.8],[8368.15, 1289.8],[8381.15, 1293.8],[8394.15, 1294.8],[8413.15, 1294.8],[8426.15, 1293.8],[8430.66, 1292.41],[8435.15, 1293.8],[8448.15, 1294.8],[8459.15, 1294.8],[8472.15, 1293.8],[8485.15, 1289.8],[8491.15, 1286.8],[8493.55, 1285.6],[8496.15, 1284.8],[8502.15, 1281.8],[8504.95, 1280.4],[8510.15, 1278.8],[8522.15, 1272.8],[8527.71, 1267.8],[8546.12, 1267.8],[8550.15, 1268.8],[8563.15, 1269.8],[8601.62, 1269.8],[8608.15, 1271.8],[8616.46, 1272.44],[8624.15, 1274.8],[8637.15, 1275.8],[8650.4, 1275.8],[8660.15, 1278.8],[8686.15, 1278.8],[8699.15, 1277.8],[8712.15, 1273.8],[8718.15, 1270.8],[8724.15, 1267.8],[8730.15, 1264.8],[8735.71, 1259.8],[8736.01, 1259.8],[8795.15, 1265.8],[8801.55, 1265.8],[8805.15, 1269.8],[8808.79, 1273.08],[8810.15, 1275.8],[8819.15, 1285.8],[8829.15, 1294.8],[8830.9, 1295.68],[8832.15, 1296.8],[8835.04, 1298.91],[8837.15, 1300.8],[8846.15, 1310.8],[8851.94, 1316.01],[8851.95, 1316.02],[8857.15, 1321.8],[8867.15, 1330.8],[8871.15, 1332.8],[8881.15, 1341.8],[8886.65, 1344.55],[8889.15, 1346.8],[8893.15, 1348.8],[8903.15, 1357.8],[8906.9, 1359.68],[8908.15, 1360.8],[8912.9, 1363.18],[8919.15, 1368.8],[8923.9, 1371.18],[8930.15, 1376.8],[8935.4, 1379.43],[8939.15, 1382.8],[8951.15, 1388.8],[8952.23, 1389.13],[8952.24, 1389.13],[8953.15, 1389.8],[8958.15, 1392.8],[8964.15, 1395.3],[8967.15, 1396.8],[8969.44, 1397.51],[8970.15, 1397.8],[8972.75, 1398.6],[8975.15, 1399.8],[8980.35, 1401.4],[8981.15, 1401.8],[8986.35, 1403.4],[8989.15, 1404.8],[9002.15, 1408.8],[9004.75, 1409],[9007.15, 1409.8],[9012.72, 1411.09],[9016.15, 1412.8],[9029.15, 1416.8],[9034.82, 1417.24],[9035.35, 1417.4],[9038.15, 1418.8],[9044.15, 1421.8],[9057.15, 1425.8],[9058.33, 1425.89],[9060.15, 1426.8],[9066.15, 1429.8],[9068.75, 1430.6],[9071.15, 1431.8],[9076.35, 1433.4],[9079.15, 1434.8],[9084.35, 1436.4],[9087.15, 1437.8],[9093.15, 1440.8],[9095.75, 1441.6],[9104.15, 1445.8],[9106.34, 1446.47],[9106.35, 1446.48],[9108.52, 1448.43],[9108.53, 1448.44],[9115.15, 1455.8],[9119.7, 1459.89],[9119.7, 1459.9],[9122.15, 1464.8],[9124.4, 1467.3],[9129.06, 1476.62],[9129.15, 1477.8],[9130.69, 1482.8],[9130.69, 1482.81],[9131.15, 1488.8],[9135.15, 1501.8],[9138.15, 1507.8],[9140.74, 1512.99],[9141.71, 1516.13],[9142.15, 1521.8],[9146.15, 1534.8],[9147.55, 1537.6],[9149.15, 1542.8],[9155.15, 1554.8],[9157.4, 1557.3],[9160.15, 1562.8],[9163.53, 1566.55],[9163.54, 1566.56],[9165.15, 1569.8],[9165.15, 1579.8],[9165.15, 1594.8],[9165.15, 1617.8],[9165.15, 1625.8],[9165.15, 1647.8],[9165.15, 1663.8],[9165.15, 1678.8],[9165.15, 1681.13],[9164.46, 1683.97],[9161.15, 1694.8],[9160.61, 1699.8],[9159.15, 1705.8],[9158.98, 1712.19],[9156.15, 1719.8],[9155.05, 1726.58],[9153.15, 1732.8],[9151.37, 1749.3],[9150.15, 1756.8],[9150.23, 1759.82],[9149.15, 1769.8],[9149.15, 1777.8],[9149.15, 1785.8],[9149.15, 1792.8],[9149.15, 1800.8],[9149.15, 1808.8],[9149.15, 1815.8],[9153.15, 1852.8],[9164.15, 1888.8],[9169.11, 1898.43],[9169.15, 1898.8],[9171.59, 1906.8],[9175.15, 1922.8],[9178.95, 1930.88],[9180.15, 1934.8],[9187.63, 1949.32],[9191.15, 1956.8],[9192.37, 1958.51],[9194.48, 1962.62],[9195.15, 1964.8],[9202.63, 1979.32],[9206.15, 1986.8],[9207.37, 1988.51],[9212.15, 1997.8],[9224.83, 2013.12],[9226.46, 2015.41],[9230.15, 2022.8],[9236.87, 2033.56],[9242.15, 2043.8],[9242.83, 2044.62],[9247.15, 2053.8],[9248.36, 2055.33],[9250.15, 2058.8],[9270.82, 2083.78],[9284.15, 2105.8],[9285.47, 2107.61],[9288.15, 2112.8],[9298.1, 2124.82],[9306.15, 2135.8],[9310.11, 2139.34],[9312.15, 2141.8],[9314.29, 2143.94],[9321.15, 2153.8],[9322.12, 2154.88],[9333.01, 2171.58],[9334.15, 2173.8],[9353.24, 2196.87],[9354.15, 2198.8],[9364.1, 2211.35],[9369.15, 2218.8],[9371.15, 2220.8],[9375.15, 2228.8],[9377.88, 2233.16],[9378.15, 2233.8],[9382.39, 2241.74],[9383.15, 2243.8],[9391.15, 2259.8],[9398.05, 2270.83],[9402.15, 2278.8],[9403.51, 2280.89],[9406.82, 2288.4],[9409.15, 2295.8],[9414.07, 2304.82],[9417.15, 2311.8],[9420.88, 2317.31],[9427.15, 2328.8],[9434.39, 2339.21],[9444.19, 2355.7],[9451.15, 2367.8],[9451.5, 2368.21],[9459.15, 2388.8],[9460.53, 2391.55],[9463.15, 2399.8],[9469.29, 2413.73],[9472.11, 2421.3],[9472.32, 2422.88],[9474.15, 2439.8],[9474.97, 2442.5],[9475.15, 2443.8],[9477.15, 2450.15],[9477.15, 2456.8],[9477.15, 2463.8],[9477.15, 2479.8],[9477.15, 2486.8],[9477.15, 2494.8],[9477.15, 2502.8],[9477.15, 2509.8],[9477.15, 2517.8],[9477.15, 2532.8],[9477.15, 2540.8],[9477.15, 2547.8],[9477.15, 2555.8],[9477.15, 2563.8],[9477.15, 2570.8],[9477.15, 2578.8],[9477.15, 2585.8],[9477.15, 2593.8],[9477.15, 2608.8],[9477.15, 2616.8],[9477.15, 2624.8],[9477.15, 2631.8],[9477.15, 2639.8],[9477.15, 2646.8],[9481.15, 2683.8],[9485.15, 2696.9],[9485.15, 2700.8],[9485.15, 2715.8],[9489.15, 2752.8],[9496.34, 2776.34],[9497.15, 2783.8],[9498.8, 2789.19],[9499.15, 2791.8],[9500.15, 2794.81],[9500.15, 2797.8],[9499.15, 2800.8],[9498.8, 2803.41],[9497.15, 2808.8],[9493.15, 2845.8],[9493.15, 2852.8],[9493.15, 2868.8],[9493.15, 2875.8],[9493.15, 2883.8],[9493.15, 2898.8],[9493.15, 2906.8],[9493.15, 2913.8],[9493.15, 2921.8],[9493.15, 2936.8],[9493.15, 2952.8],[9493.15, 2959.8],[9493.15, 2967.8],[9493.15, 2974.8],[9494.92, 2991.21],[9495.15, 2999.8],[9496.52, 3005.96],[9496.88, 3009.3],[9493.15, 3043.8],[9493.15, 3051.8],[9493.15, 3058.8],[9493.15, 3066.8],[9493.15, 3074.8],[9493.15, 3081.8],[9493.15, 3084.8],[9491.15, 3085.8],[9481.15, 3094.8],[9477.36, 3099.01],[9473.15, 3102.8],[9464.15, 3112.8],[9463.66, 3113.79],[9459.15, 3118.8],[9457.29, 3122.54],[9457.28, 3122.55],[9456.15, 3123.8],[9452.38, 3131.35],[9452.37, 3131.35],[9448.15, 3131.8],[9442.76, 3133.45],[9440.15, 3133.8],[9436.19, 3135.12],[9429.17, 3135.88],[9426.15, 3135.8],[9418.65, 3137.02],[9402.15, 3138.8],[9395.93, 3140.7],[9389.15, 3141.8],[9377.14, 3146.26],[9372.15, 3146.8],[9348.61, 3153.99],[9341.15, 3154.8],[9335.76, 3156.45],[9333.15, 3156.8],[9317.15, 3162.13],[9305.15, 3165.8],[9303.32, 3166.74],[9297.15, 3168.8],[9288.57, 3172.8],[9272.15, 3172.8],[9261.97, 3173.9],[9258.15, 3173.8],[9249.38, 3175.26],[9235.15, 3176.8],[9229.15, 3178.63],[9222.15, 3179.8],[9219.46, 3180.8],[9218.15, 3180.8],[9208.9, 3181.8],[9199.15, 3181.8],[9186.94, 3184.17],[9181.15, 3184.8],[9176.65, 3186.18],[9163.15, 3188.8],[9154.73, 3192.41],[9151.15, 3192.8],[9143.15, 3195.24],[9127.15, 3198.8],[9119.07, 3202.6],[9115.15, 3203.8],[9103.62, 3209.74],[9100.15, 3210.8],[9095.54, 3213.18],[9095.52, 3213.19],[9089.62, 3214.99],[9082.15, 3215.8],[9076.76, 3217.45],[9074.15, 3217.8],[9062.5, 3221.68],[9052.15, 3222.8],[9046.15, 3224.63],[9039.15, 3225.8],[9027.55, 3230.11],[9021.15, 3230.8],[9015.76, 3232.45],[9013.15, 3232.8],[9007.14, 3234.8],[9001.15, 3234.8],[8988.95, 3237.17],[8983.15, 3237.8],[8978.65, 3239.18],[8965.15, 3241.8],[8952.96, 3247.03],[8947.15, 3248.8],[8939.45, 3251.66],[8934.15, 3251.8],[8927.99, 3253.17],[8922.15, 3253.8],[8914.15, 3256.24],[8898.15, 3259.8],[8890.07, 3263.6],[8886.15, 3264.8],[8871.63, 3272.28],[8864.15, 3275.8],[8862.44, 3277.02],[8853.7, 3281.52],[8853.68, 3281.53],[8833.15, 3287.8],[8800.15, 3304.8],[8777.38, 3323.64],[8777.15, 3323.8],[8776.95, 3324],[8771.15, 3328.8],[8770.15, 3330],[8763.15, 3335.8],[8755.42, 3345.14],[8739.15, 3354.8],[8731.85, 3361.32],[8723.15, 3365.8],[8715.23, 3372.35],[8711.15, 3371.8],[8708.86, 3371.99],[8707.15, 3371.8],[8692.15, 3371.8],[8675.74, 3373.57],[8667.15, 3373.8],[8660.99, 3375.17],[8655.15, 3375.8],[8647.15, 3378.24],[8631.15, 3381.8],[8623.07, 3385.6],[8619.15, 3386.8],[8607.62, 3392.74],[8604.15, 3393.8],[8571.15, 3410.8],[8542.15, 3434.8],[8518.15, 3463.8],[8501.15, 3496.8],[8490.15, 3532.8],[8486.15, 3569.8],[8486.15, 3577.8],[8486.15, 3585.8],[8486.15, 3592.8],[8486.15, 3600.8],[8486.15, 3607.8],[8486.34, 3609.51],[8486.15, 3611.8],[8488.31, 3627.8],[8490.15, 3644.8],[8490.97, 3647.5],[8491.15, 3648.8],[8494.52, 3659.51],[8494.53, 3659.53],[8497.15, 3683.8],[8508.15, 3719.8],[8525.15, 3752.8],[8549.15, 3781.8],[8560.53, 3791.22],[8565.15, 3796.8],[8573.34, 3804.99],[8574.15, 3812.8],[8577.79, 3826.01],[8580.15, 3848.8],[8583.15, 3859.67],[8583.15, 3861.8],[8586.15, 3890.8],[8589.79, 3904.01],[8591.95, 3924.89],[8590.15, 3928.8],[8584.15, 3946.8],[8580.43, 3964.8],[8580.15, 3965.8],[8580.08, 3966.47],[8578.15, 3975.8],[8578.11, 3976.99],[8574.43, 3994.8],[8574.15, 3995.8],[8574.08, 3996.47],[8572.15, 4005.8],[8571.69, 4019.57],[8571.15, 4024.8],[8571.15, 4035.8],[8571.15, 4048.8],[8571.15, 4066.8],[8571.15, 4078.8],[8571.15, 4096.8],[8571.15, 4120.8],[8571.15, 4144.8],[8571.15, 4162.8],[8571.15, 4198.8],[8571.15, 4216.8],[8571.15, 4234.8],[8571.15, 4238.8],[8569.15, 4246.8],[8568.22, 4253.55],[8568.15, 4253.8],[8568.05, 4254.79],[8566.05, 4269.27],[8564.15, 4272.8],[8556.15, 4301.8],[8553.15, 4330.8],[8553.15, 4336.8],[8553.15, 4342.8],[8553.15, 4348.8],[8553.15, 4354.8],[8553.15, 4360.8],[8553.15, 4366.8],[8553.15, 4371.65],[8543.39, 4375.28],[8535.15, 4377.8],[8531.37, 4379.75],[8523.15, 4382.8],[8517.08, 4386.71],[8497.15, 4392.8],[8476.99, 4403.19],[8471.11, 4405.15],[8459.15, 4408.8],[8457.32, 4409.74],[8451.15, 4411.8],[8436.15, 4418.8],[8433.84, 4420.17],[8432.15, 4420.8],[8416.15, 4428.8],[8411.79, 4431.53],[8411.15, 4431.8],[8406.15, 4434.47],[8405.15, 4434.8],[8392.88, 4440.53],[8387.15, 4441.8],[8379.07, 4445.6],[8375.15, 4446.8],[8363.62, 4452.74],[8360.15, 4453.8],[8327.15, 4470.8],[8313.87, 4481.79],[8313.86, 4481.8],[8304.15, 4486.8],[8275.15, 4510.8],[8251.15, 4539.8],[8234.15, 4572.8],[8223.15, 4608.8],[8220.92, 4629.49],[8222.15, 4629.8],[8229.17, 4632.31],[8243.15, 4636.8],[8245.91, 4638.28],[8250.15, 4639.8],[8274.07, 4653.6],[8277.15, 4654.8],[8279.15, 4655.8],[8303.15, 4667.8],[8308.9, 4672.3],[8323.15, 4681.8],[8341.15, 4693.8],[8359.15, 4705.8],[8377.15, 4717.8],[8379.8, 4719.99],[8381.15, 4720.8],[8399.75, 4734.09],[8403.15, 4735.3],[8417.15, 4739.8],[8419.91, 4741.28],[8424.15, 4742.8],[8450.15, 4757.8],[8451.79, 4759.36],[8453.15, 4759.8],[8455.51, 4760.89],[8463.15, 4762.8],[8464.83, 4763.4],[8467.15, 4763.8],[8475.68, 4767.27],[8491.15, 4772.8],[8497.65, 4776.55],[8526.15, 4790.8],[8541.15, 4795.8],[8547.84, 4798.89],[8551.15, 4799.8],[8559.15, 4804.11],[8567.15, 4807.8],[8569.07, 4809.11],[8583.15, 4813.8],[8609.15, 4825.8],[8611.93, 4827.69],[8614.15, 4828.8],[8626.15, 4834.8],[8638.92, 4841.18],[8641.15, 4841.8],[8667.15, 4855.8],[8671.7, 4859.73],[8675.15, 4861.8],[8691.65, 4876.8],[8691.95, 4877],[8697.15, 4879.8],[8719.15, 4898.8],[8725.15, 4904.8],[8737.15, 4916.8],[8744.65, 4924.3],[8751.15, 4927.8],[8755.7, 4931.73],[8759.15, 4933.8],[8760.81, 4935.31],[8769.15, 4939.8],[8774.83, 4944.7],[8792.65, 4954.3],[8794.15, 4954.8],[8795.17, 4955.25],[8797.15, 4955.8],[8800.7, 4957.71],[8803.15, 4958.8],[8811.15, 4962.8],[8820.15, 4967.8],[8822.34, 4969.36],[8823.15, 4969.8],[8824.11, 4970.63],[8824.12, 4970.63],[8827.15, 4972.8],[8835.15, 4978.8],[8842.15, 4984.8],[8849.15, 4991.8],[8855.15, 4998.8],[8861.15, 5006.8],[8863.32, 5009.84],[8864.15, 5010.8],[8864.59, 5011.62],[8864.6, 5011.63],[8864.72, 5011.8],[9005.15, 5011.8],[9042.15, 5007.8],[9078.15, 4996.8],[9089.68, 4990.86],[9093.15, 4989.8],[9111.89, 4980.14],[9125.15, 4983.8],[9154.15, 4986.8],[9208.15, 4986.8],[9237.15, 4983.8],[9266.15, 4975.8],[9276.42, 4970.27],[9279.15, 4969.8],[9287.01, 4966.6],[9297.15, 4963.8],[9307.39, 4958.28],[9309.15, 4957.8],[9317.01, 4953.56],[9317.11, 4953.53],[9334.96, 4949.84],[9336.15, 4949.8],[9345.48, 4947.87],[9346.15, 4947.8],[9347.15, 4947.52],[9364.75, 4943.88],[9367.15, 4943.8],[9374.9, 4941.93],[9376.15, 4941.8],[9381.15, 4940.42],[9396.15, 4936.8],[9399.22, 4935.44],[9405.15, 4933.8],[9412.11, 4930.05],[9412.12, 4930.04],[9424.15, 4928.8],[9453.15, 4920.8],[9464.78, 4914.53],[9473.15, 4912.8],[9491.15, 4906.8],[9497.84, 4903.71],[9501.15, 4902.8],[9509.15, 4898.49],[9517.15, 4894.8],[9520.08, 4892.81],[9520.15, 4892.8],[9549.15, 4884.8],[9553.09, 4882.68],[9567.15, 4878.8],[9577.37, 4873.29],[9577.39, 4873.28],[9579.15, 4872.8],[9589.37, 4867.29],[9589.39, 4867.28],[9591.15, 4866.8],[9607.6, 4857.94],[9615.15, 4856.9],[9616.15, 4856.8],[9616.4, 4856.73],[9623.15, 4855.8],[9645.92, 4850.11],[9648.15, 4849.8],[9676.15, 4839.8],[9696.15, 4830.2],[9717.15, 4821.8],[9750.15, 4810.8],[9776.15, 4798.8],[9778.93, 4796.91],[9783.15, 4794.8],[9793.15, 4789.8],[9799.4, 4786.05],[9809.15, 4780.8],[9816.15, 4776.13],[9819.15, 4774.8],[9861.15, 4750.8],[9869.15, 4744.8],[9887.15, 4732.8],[9894.15, 4728.13],[9897.15, 4726.8],[9939.15, 4702.8],[9955.88, 4690.25],[9958.15, 4688.8],[9963.15, 4684.8],[9983.15, 4668.8],[9995.15, 4660.8],[9997.94, 4658.49],[10002.15, 4655.8],[10018.15, 4643.8],[10043.15, 4628.8],[10066.15, 4611.8],[10066.86, 4611.01],[10067.15, 4610.8],[10084.12, 4592.98],[10098.15, 4584],[10100.15, 4582.8],[10100.45, 4582.53],[10103.15, 4580.8],[10111.15, 4572.8],[10122.15, 4562.8],[10124.37, 4559.54],[10154.15, 4523.8],[10157.65, 4518.55],[10160.15, 4515.8],[10173.15, 4497.8],[10176.9, 4491.55],[10181.15, 4485.8],[10199.15, 4454.8],[10200.48, 4451.8],[10203.15, 4447.8],[10209.92, 4430.57],[10211.15, 4427.8],[10211.38, 4426.86],[10214.15, 4419.8],[10226.15, 4377.8],[10238.15, 4335.8],[10238.88, 4331.55],[10239.15, 4330.8],[10240.7, 4324.59],[10247.15, 4316.8],[10253.8, 4303.89],[10262.15, 4293.8],[10269.43, 4279.67],[10270.15, 4278.8],[10287.15, 4245.8],[10298.15, 4209.8],[10298.83, 4203.47],[10298.84, 4203.46],[10299.15, 4202.8],[10302.71, 4186.8],[10305.15, 4178.8],[10305.78, 4172.96],[10307.15, 4166.8],[10307.38, 4158.21],[10309.15, 4141.8],[10309.15, 4138.9],[10313.15, 4125.8],[10314.41, 4114.11],[10314.41, 4114.1],[10317.15, 4108.8],[10317.5, 4107.64],[10317.51, 4107.62],[10325.15, 4092.8],[10331.82, 4070.97],[10340.15, 4054.8],[10346.69, 4033.41],[10347.67, 4031.32],[10355.15, 4016.8],[10356.35, 4012.88],[10360.15, 4004.8],[10362.17, 3995.7],[10363.15, 3993.8],[10374.15, 3957.8],[10374.33, 3956.17],[10375.15, 3953.8],[10378.84, 3938.64],[10382.15, 3927.8],[10382.46, 3924.97],[10386.15, 3917.8],[10387.92, 3911.99],[10393.15, 3899.8],[10395.78, 3886.3],[10397.15, 3881.8],[10397.78, 3876.01],[10400.15, 3863.8],[10400.15, 3854.05],[10401.15, 3844.8],[10401.15, 3836.8],[10401.15, 3829.8],[10401.15, 3813.8],[10401.15, 3808.81],[10402.15, 3805.8],[10402.5, 3803.19],[10404.15, 3797.8],[10408.15, 3760.8],[10408.15, 3745.8],[10408.15, 3722.8],[10408.15, 3708.8],[10410.78, 3695.3],[10412.15, 3690.8],[10412.78, 3685.01],[10415.15, 3672.8],[10415.15, 3663.05],[10416.15, 3653.8],[10416.15, 3646.8],[10416.15, 3643.47],[10416.84, 3640.64],[10420.15, 3629.8],[10420.69, 3624.8],[10422.15, 3618.8],[10422.42, 3608.79],[10423.83, 3595.75],[10424.71, 3591.8],[10427.15, 3583.8],[10427.78, 3577.95],[10429.15, 3571.8],[10429.38, 3563.24],[10430.94, 3548.78],[10436.15, 3518.8],[10437.69, 3499.34],[10439.15, 3485.8],[10439.15, 3480.8],[10439.15, 3478.8],[10439.15, 3463.8],[10439.15, 3455.8],[10437.42, 3439.8],[10437.15, 3429.8],[10435.69, 3423.79],[10435.15, 3418.8],[10431.85, 3408.01],[10428.69, 3395],[10427.15, 3380.8],[10416.15, 3344.8],[10399.15, 3311.8],[10375.15, 3282.8],[10346.15, 3258.8],[10313.15, 3241.8],[10277.15, 3230.8],[10273.57, 3230.41],[10265.15, 3226.8],[10251.65, 3224.18],[10247.15, 3222.8],[10241.36, 3222.18],[10229.15, 3219.8],[10226.53, 3219.8],[10230.15, 3216.8],[10234.77, 3211.22],[10246.15, 3201.8],[10270.15, 3172.8],[10273.34, 3166.61],[10280.15, 3159.8],[10281.69, 3158.58],[10285.15, 3156.8],[10295.24, 3148.45],[10308.15, 3141.8],[10317.5, 3134.06],[10320.4, 3132.34],[10331.15, 3126.8],[10334.76, 3123.81],[10338.15, 3121.8],[10350.3, 3110.95],[10353.65, 3108.18],[10362.15, 3103.8],[10367.7, 3099.2],[10373.15, 3095.8],[10381.3, 3087.95],[10386.29, 3083.82],[10392.15, 3080.8],[10399.41, 3074.79],[10399.46, 3074.76],[10406.82, 3073.77],[10415.15, 3072.8],[10417, 3072.39],[10436.15, 3069.8],[10535.15, 3046.8],[10543.15, 3044.13],[10549.15, 3042.8],[10556.15, 3039.8],[10571.15, 3034.8],[10579.8, 3029.66],[10584.15, 3027.8],[10668.15, 2981.8],[10737.15, 2943.8],[10740.28, 2941.68],[10742.15, 2940.8],[10749.07, 2935.72],[10768.15, 2922.8],[10771.65, 2919.17],[10772.15, 2918.8],[10848.15, 2850.8],[10853.85, 2844.65],[10866.15, 2832.8],[10918.75, 2771.26],[10924.15, 2766.8],[10948.15, 2737.8],[10953.15, 2728.1],[10953.15, 2728.09],[10964.15, 2714.8],[10971.82, 2699.9],[10983.15, 2693.8],[11005.15, 2674.8],[11024.15, 2652.8],[11038.15, 2626.8],[11046.15, 2597.8],[11046.52, 2594.21],[11046.52, 2594.2],[11052.15, 2573.8],[11055.15, 2544.8],[11055.15, 2538.8],[11055.15, 2532.8],[11055.15, 2526.8],[11055.15, 2525.8],[11055.15, 2520.8],[11055.15, 2514.8],[11054.61, 2509.57],[11054.15, 2495.8],[11052.22, 2486.47],[11052.15, 2485.8],[11051.87, 2484.8],[11049.15, 2471.64],[11049.15, 2460.8],[11046.15, 2431.8],[11042.51, 2418.59],[11040.15, 2395.8],[11034.35, 2374.77],[11039.15, 2370.8],[11041.15, 2368.8],[11057.15, 2360.8],[11065.73, 2355.44],[11094.15, 2340.8],[11123.15, 2316.8],[11138.15, 2301.8],[11153.15, 2286.8],[11170.4, 2269.55],[11171.66, 2268.73],[11177.15, 2265.8],[11208.15, 2245.8],[11211.22, 2242.62],[11219.43, 2236.33],[11221.15, 2235.8],[11227.51, 2232.52],[11232.15, 2230.8],[11238.22, 2227.01],[11254.15, 2218.8],[11262.79, 2211.65],[11264.15, 2210.8],[11294.15, 2187.8],[11294.89, 2187.12],[11307.15, 2180.8],[11336.15, 2156.8],[11359.15, 2133.8],[11374.15, 2118.8],[11381.15, 2111.8],[11382.15, 2110.8],[11382.77, 2110.05],[11383.71, 2109.03],[11392.15, 2101.8],[11401.39, 2092.25],[11406.15, 2089.8],[11409.76, 2086.82],[11413.15, 2084.8],[11425.3, 2073.95],[11435.15, 2065.8],[11441.15, 2059.8],[11446.48, 2054.47],[11456.15, 2051.8],[11460.09, 2049.68],[11474.15, 2045.8],[11478.09, 2043.68],[11492.15, 2039.8],[11502.39, 2034.28],[11502.41, 2034.27],[11504.15, 2033.8],[11514.39, 2028.28],[11514.41, 2028.27],[11516.15, 2027.8],[11526.39, 2022.28],[11526.41, 2022.27],[11528.15, 2021.8],[11538.39, 2016.28],[11538.41, 2016.27],[11540.15, 2015.8],[11550.39, 2010.28],[11550.41, 2010.27],[11552.15, 2009.8],[11562.39, 2004.28],[11562.41, 2004.27],[11564.15, 2003.8],[11568.09, 2001.68],[11582.15, 1997.8],[11602.63, 1986.77],[11602.64, 1986.77],[11606.15, 1985.8],[11616.39, 1980.28],[11616.41, 1980.27],[11618.15, 1979.8],[11628.39, 1974.28],[11628.41, 1974.27],[11630.15, 1973.8],[11634.09, 1971.68],[11648.15, 1967.8],[11652.09, 1965.68],[11666.15, 1961.8],[11692.15, 1947.8],[11714.15, 1928.8],[11716.93, 1925.58],[11716.94, 1925.58],[11719.98, 1922.95],[11722.15, 1922.8],[11744.1, 1915.75],[11751.15, 1913.8],[11757.26, 1910.51],[11764.15, 1909.8],[11793.15, 1901.8],[11803.39, 1896.28],[11803.41, 1896.27],[11805.15, 1895.8],[11825.58, 1884.8],[11827.15, 1884.8],[11829.72, 1884.52],[11833.15, 1884.8],[11857.15, 1881.56],[11864.15, 1880.8],[11865.26, 1880.46],[11870.15, 1879.8],[11900.15, 1872.8],[11912.75, 1868.6],[11917.91, 1867.34],[11917.95, 1867.33],[11932.15, 1865.8],[11968.15, 1854.8],[12001.15, 1837.8],[12012.11, 1828.73],[12039.15, 1814.8],[12049.24, 1806.45],[12062.15, 1799.8],[12091.15, 1775.8],[12115.15, 1746.8],[12132.15, 1713.8],[12143.15, 1677.8],[12147.15, 1640.8],[12147.15, 1632.8],[12147.15, 1625.8],[12147.15, 1617.8],[12147.15, 1607.8],[12147.15, 1602.8],[12145.53, 1587.8],[12144.15, 1570.8],[12143.4, 1568.09],[12143.15, 1565.8],[12138.87, 1551.8],[12134.15, 1534.8],[12119.15, 1495.8],[12115.04, 1487.58],[12112.15, 1479.8],[12082.62, 1419.75],[12081.15, 1415.8],[12058.15, 1370.8],[12053.15, 1363.05],[12045.23, 1347.7],[12044.15, 1344.8],[12029.38, 1313.92],[12026.15, 1301.8],[12024.43, 1297.16],[12022.15, 1287.8],[12014.15, 1264.8],[12007.09, 1249.8],[12002.15, 1237.8],[11999.84, 1234.39],[11998.15, 1230.8],[11988.42, 1217.53],[11981.15, 1206.8],[11978.9, 1204.55],[11976.15, 1200.8],[11962.65, 1188.3],[11955.15, 1180.8],[11952.91, 1179.29],[11949.15, 1175.8],[11937.95, 1168.81],[11922.94, 1156.39],[11920.15, 1153.8],[11918.64, 1152.82],[11910.15, 1145.8],[11898.24, 1139.66],[11896.51, 1138.55],[11896.5, 1138.54],[11887.15, 1130.8],[11854.15, 1113.8],[11833.56, 1107.51],[11828.15, 1104.8],[11824.42, 1103.63],[11813.15, 1098.8],[11802.42, 1096.71],[11793.15, 1093.8],[11759.95, 1087.69],[11737.15, 1081.8],[11729.16, 1080.72],[11726.15, 1079.8],[11707.15, 1077.75],[11700.15, 1076.8],[11699.06, 1076.83],[11691.97, 1075.11],[11681.15, 1071.8],[11676.15, 1071.26],[11670.15, 1069.8],[11660.15, 1069.53],[11644.15, 1067.8],[11588.72, 1067.8],[11580.15, 1065.8],[11575.26, 1065.14],[11574.15, 1064.8],[11567.15, 1064.04],[11543.15, 1060.8],[11539.72, 1061.08],[11537.15, 1060.8],[11229.9, 1060.8],[11227.15, 1061.8],[11216.15, 1062.8],[11215.63, 1062.76],[11215.15, 1062.8],[11210.65, 1063.62],[11210.15, 1063.8],[11209.15, 1063.89],[11204.15, 1064.8],[11201.82, 1064.61],[11201.15, 1064.8],[11196.65, 1065.62],[11196.15, 1065.8],[11195.16, 1065.89],[11193.15, 1066.26],[11186.15, 1068.8],[11175.15, 1069.8],[11174.63, 1069.76],[11174.15, 1069.8],[11168.9, 1069.8],[11166.15, 1070.8],[11158.08, 1071.53],[11157.15, 1071.8],[11146.15, 1075.8],[11141, 1076.27],[11139.15, 1076.8],[11134.65, 1077.62],[11134.15, 1077.8],[11133.15, 1077.89],[11128.15, 1078.8],[11125.54, 1078.58],[11123.15, 1078.8],[11095.48, 1078.8],[11092.15, 1079.8],[11081.15, 1080.8],[11070.66, 1080.8],[11065.15, 1082.8],[11055.61, 1083.67],[11055.15, 1083.8],[11044.15, 1085.8],[11043.81, 1085.77],[11040.15, 1086.44],[11039.15, 1086.8],[11032.82, 1087.38],[11026.15, 1089.8],[11022.48, 1090.13],[11021.15, 1090.8],[11014.15, 1092.8],[11003.15, 1094.8],[11000.61, 1094.59],[10997.09, 1095.09],[10995.15, 1095.8],[10984.15, 1096.8],[10878.15, 1096.8],[10867.15, 1095.8],[10863.82, 1094.8],[10859.15, 1094.8],[10856.76, 1094.58],[10854.15, 1094.8],[10849.15, 1093.89],[10848.15, 1093.8],[10847.65, 1093.62],[10843.15, 1092.8],[10842.22, 1092.53],[10834.15, 1091.8],[10832.21, 1091.09],[10830.15, 1090.8],[10824.15, 1090.8],[10813.15, 1089.8],[10809.15, 1088.35],[10806.15, 1087.8],[10801.35, 1086.2],[10799.15, 1085.8],[10792.15, 1083.8],[10789.75, 1082.6],[10786.15, 1081.8],[10785.38, 1081.57],[10781.15, 1080.8],[10775.15, 1078.8],[10769.15, 1077.8],[10767.46, 1077.34],[10755.15, 1075.8],[10744.15, 1073.8],[10734.15, 1069.8],[10730.97, 1068.04],[10730.15, 1067.8],[10728.15, 1066.8],[10720.15, 1064.8],[10704.15, 1060.8],[10702.65, 1060.25],[10700.15, 1059.8],[10695.35, 1058.2],[10693.15, 1057.8],[10686.15, 1055.8],[10685.71, 1055.58],[10677.15, 1054.8],[10667.15, 1051.8],[10664.5, 1050.74],[10654.15, 1049.8],[10650.43, 1048.68],[10649.15, 1048.8],[10645.15, 1048.07],[10642.15, 1047.8],[10640.65, 1047.25],[10638.15, 1046.8],[10627.48, 1042.92],[10626.15, 1042.8],[10624.21, 1042.09],[10620.68, 1041.59],[10618.15, 1041.8],[10607.15, 1039.8],[10604.29, 1039.09],[10601.15, 1038.8],[10596.75, 1037.2],[10595.15, 1036.8],[10589.7, 1035.16],[10580.15, 1033.8],[10574.17, 1032.71],[10573.15, 1032.8],[10571.15, 1032.44],[10564.15, 1031.8],[10559.15, 1029.98],[10551.15, 1027.8],[10550.28, 1027.28],[10548.15, 1026.89],[10547.15, 1026.8],[10546.65, 1026.62],[10542.15, 1025.8],[10535.15, 1023.8],[10533.15, 1022.8],[10528.15, 1021.89],[10527.15, 1021.8],[10526.65, 1021.62],[10522.15, 1020.8],[10515.15, 1018.8],[10508.15, 1016.8],[10503.15, 1015.8],[10501.65, 1015.25],[10499.15, 1014.8],[10490.15, 1012.35],[10487.15, 1011.8],[10480.15, 1009.8],[10478.15, 1008.8],[10474.15, 1007.8],[10470.15, 1006.8],[10461.69, 1004.26],[10459.15, 1003.8],[10457.66, 1003.3],[10450.98, 1001.97],[10449.15, 1001.8],[10438.15, 997.8],[10431.15, 994.8],[10422.15, 990.8],[10420.68, 990.17],[10413.15, 988.8],[10406.15, 986.8],[10404.15, 985.8],[10395.15, 982.8],[10394.5, 982.51],[10392.15, 981.8],[10384.65, 978.8],[10379.15, 977.8],[10368.15, 974.8],[10365.01, 973.66],[10362.15, 972.8],[10357.15, 970.8],[10352.15, 968.8],[10350.78, 968.05],[10345.15, 965.8],[10341.02, 963.5],[10337.15, 962.8],[10332.15, 960.8],[10327.15, 958.8],[10323.97, 957.04],[10323.15, 956.8],[10319.64, 955.05],[10316, 953.95],[10315.15, 953.8],[10299.15, 949.8],[10296.15, 948.71],[10289.15, 946.8],[10280.15, 941.4],[10271.15, 937.8],[10267.97, 936.04],[10267.15, 935.8],[10260.15, 933.8],[10256.55, 932],[10252.15, 930.8],[10242.15, 924.8],[10240.09, 923.33],[10233.15, 920.8],[10232.65, 920.55],[10230.15, 919.8],[10225.15, 917.8],[10221.65, 915.89],[10213.15, 912.8],[10209.82, 911.13],[10206.15, 909.8],[10205.49, 909.47],[10199.13, 907.16],[10198, 906.95],[10196.15, 906.8],[10186.15, 903.8],[10182.33, 902.27],[10177.15, 901.8],[10173.15, 900.35],[10170.15, 899.8],[10159.15, 894.8],[10157.75, 894],[10154.15, 892.8],[10151.15, 891.44],[10145.55, 889.4],[10135.15, 886.8],[10131.15, 885.35],[10129.15, 884.8],[10122.55, 882.4],[10112.15, 879.8],[10111.65, 879.62],[10107.15, 878.8],[10101.15, 875.8],[10097.15, 873.8],[10093.98, 871.95],[10093.15, 871.8],[10082.15, 868.8],[10080.15, 867.8],[10077.42, 866.59],[10054.15, 859.8],[10050.48, 858.13],[10042.15, 854.8],[10038.02, 852.5],[10034.15, 851.8],[10029.15, 849.8],[10024.15, 847.8],[10022.59, 846.93],[10021.15, 846.8],[10010.15, 843.8],[9992.15, 836.8],[9991.35, 836.4],[9989.15, 835.8],[9984.16, 832.81],[9982.15, 831.8],[9981.94, 831.63],[9981.15, 831.35],[9978.15, 830.8],[9972.15, 828.8],[9970.15, 827.89],[9967.15, 826.8],[9961.55, 824.4],[9957.15, 822.8],[9948.48, 818.47],[9946.15, 817.8],[9942.55, 816],[9938.15, 814.8],[9932.06, 811.15],[9930.15, 810.8],[9923.15, 808.8],[9917.15, 805.8],[9913.28, 804.19],[9911.15, 803.8],[9904.15, 801.8],[9898.82, 799.13],[9895.15, 797.8],[9891.97, 795.89],[9888.15, 794.8],[9885.65, 793.55],[9883.15, 792.8],[9878.15, 790.8],[9875.15, 789.16],[9874.15, 788.8],[9870.82, 786.8],[9867.15, 784.8],[9862.15, 782.8],[9858.25, 780.64],[9856.15, 780.25],[9851.15, 779.8],[9848.65, 778.89],[9848.15, 778.8],[9837.15, 774.8],[9835.79, 773.98],[9828.15, 771.8],[9825, 770.22],[9824.15, 770.07],[9821.15, 769.8],[9819.65, 769.25],[9817.15, 768.8],[9806.15, 764.8],[9802.15, 762.8],[9800.35, 762.2],[9798.15, 761.8],[9791.15, 759.8],[9784.15, 757.8],[9782.75, 757.4],[9776.15, 756.8],[9765.15, 752.8],[9759.77, 750.5],[9752.15, 749.8],[9741.15, 745.8],[9740.48, 745.47],[9738.65, 744.8],[9735.15, 743.8],[9735, 743.72],[9734.15, 743.8],[9723.15, 741.8],[9722.65, 741.62],[9718.15, 740.8],[9712.59, 738.02],[9710.15, 737.8],[9708.65, 737.25],[9706.15, 736.8],[9704.15, 736.07],[9701.15, 735.8],[9690.15, 731.8],[9688.37, 730.91],[9687.15, 730.8],[9685.65, 730.25],[9683.15, 729.8],[9672.48, 725.92],[9671.15, 725.8],[9661.16, 722.17],[9657.15, 721.8],[9647.15, 718.8],[9642.15, 716.8],[9640.89, 716.11],[9639.15, 715.8],[9637.15, 715.07],[9634.15, 714.8],[9630.66, 713.75],[9630.15, 713.8],[9627.15, 713.25],[9622.15, 712.8],[9619.65, 711.89],[9619.15, 711.8],[9613.81, 709.86],[9613.15, 709.8],[9611.65, 709.25],[9609.15, 708.8],[9608.15, 708.44],[9605.15, 707.89],[9604.15, 707.8],[9603.65, 707.62],[9599.15, 706.8],[9592.15, 704.8],[9591.84, 704.65],[9580.15, 702.8],[9569.15, 699.8],[9564.15, 699.8],[9561.29, 699.09],[9558.15, 698.8],[9553.75, 697.2],[9552.15, 696.8],[9545.41, 694.78],[9545.15, 694.8],[9534.15, 692.8],[9527.15, 690.8],[9525.15, 689.8],[9517.95, 687.4],[9509.15, 685.8],[9502.15, 683.8],[9497.15, 683.8],[9494.29, 683.09],[9491.15, 682.8],[9486.75, 681.2],[9485.15, 680.8],[9482.07, 679.88],[9476.15, 678.8],[9469.15, 676.8],[9462.15, 674.8],[9460.15, 673.8],[9452.95, 671.4],[9444.15, 669.8],[9437.15, 667.8],[9433.82, 666.13],[9430.15, 664.8],[9423.15, 662.8],[9422.9, 662.73],[9422.15, 662.8],[9419.15, 662.25],[9414.15, 661.8],[9411.65, 660.89],[9411.15, 660.8],[9400.15, 656.8],[9398.79, 655.98],[9398.15, 655.8],[9395.65, 654.55],[9393.15, 653.8],[9388.73, 652.03],[9386.15, 651.8],[9379.86, 649.51],[9374.15, 647.8],[9372.06, 646.87],[9368.63, 645.84],[9368.15, 645.8],[9366.58, 645.23],[9365.15, 644.8],[9362.65, 643.8],[9357.15, 641.8],[9356.49, 641.47],[9355.47, 641.1],[9352.15, 640.8],[9345.63, 638.84],[9345.15, 638.8],[9343.58, 638.23],[9342.15, 637.8],[9339.65, 636.8],[9334.15, 634.8],[9332.37, 633.91],[9331.15, 633.8],[9327.66, 632.75],[9327.15, 632.8],[9324.15, 632.25],[9319.15, 631.8],[9316.65, 630.89],[9316.15, 630.8],[9307.76, 627.75],[9307.15, 627.8],[9302.15, 626.89],[9301.15, 626.8],[9300.65, 626.62],[9296.15, 625.8],[9289.15, 623.8],[9287.15, 622.8],[9256.15, 622.8],[9245.15, 621.8],[9241.64, 620.52],[9241.62, 620.52],[9239.15, 620.07],[9236.15, 619.8],[9234.65, 619.25],[9232.15, 618.8],[9229.15, 618.8],[9218.15, 617.8],[9211.15, 615.25],[9211.13, 615.25],[9206.15, 614.8],[9203.4, 613.8],[9203.15, 613.8],[9201.15, 613.62],[9199.15, 613.8],[9195.15, 613.07],[9192.15, 612.8],[9190.65, 612.25],[9188.15, 611.8],[9182.65, 609.8],[9180.15, 609.8],[9169.15, 608.8],[9158.15, 604.8],[9157.49, 604.47],[9156.47, 604.1],[9153.15, 603.8],[9149.23, 602.38],[9146.95, 601.87],[9146.15, 601.8],[9144.72, 601.37],[9142.15, 600.8],[9136.76, 599.18],[9135.15, 598.89],[9134.15, 598.8],[9133.65, 598.62],[9129.15, 597.8],[9124.15, 596.89],[9123.15, 596.8],[9122.65, 596.62],[9118.15, 595.8],[9115.15, 595.8],[9114.67, 595.76],[9114.15, 595.8],[9103.15, 594.8],[9097.65, 592.8],[9097.15, 592.8],[9094.76, 592.58],[9092.15, 592.8],[9087.15, 591.89],[9086.15, 591.8],[9085.65, 591.62],[9081.15, 590.8],[9074.15, 588.8],[9071.15, 588.8],[9060.15, 587.8],[9056.15, 586.35],[9053.15, 585.8],[9051.15, 585.8],[9040.15, 584.8],[9030.15, 582.8],[9026.15, 581.35],[9023.15, 580.8],[9013.15, 576.8],[9010.72, 575.45],[9007.15, 574.8],[9003.88, 573.87],[9003.15, 573.8],[8998.15, 572.8],[8997.15, 572.8],[8986.15, 571.8],[8982.15, 570.35],[8979.15, 569.8],[8974.35, 568.2],[8972.15, 567.8],[8965.15, 565.8],[8963.15, 565.8],[8962.67, 565.76],[8962.15, 565.8],[8951.15, 564.8],[8945.65, 562.8],[8944.15, 562.8],[8942.15, 562.62],[8940.15, 562.8],[8936.15, 562.07],[8933.15, 561.8],[8931.65, 561.25],[8929.15, 560.8],[8927.82, 560.32],[8922.15, 559.8],[8917.48, 558.1],[8917.47, 558.1],[8914.15, 557.8],[8908.15, 555.62],[8904.15, 554.89],[8903.15, 554.8],[8902.65, 554.62],[8898.15, 553.8],[8897.67, 553.66],[8896.15, 553.8],[8892.15, 553.07],[8889.15, 552.8],[8887.65, 552.25],[8885.15, 551.8],[8884.15, 551.8],[8883.67, 551.76],[8883.15, 551.8],[8872.15, 550.8],[8866.14, 548.62],[8865.76, 548.58],[8863.15, 548.8],[8858.15, 547.89],[8857.15, 547.8],[8856.65, 547.62],[8852.15, 546.8],[8845.15, 544.8],[8842.15, 544.8],[8831.15, 543.8],[8827.15, 542.35],[8824.15, 541.8],[8822.28, 541.18],[8818.15, 540.8],[8813.15, 539.8],[8812.15, 539.8],[8809.76, 539.58],[8807.15, 539.8],[8802.15, 538.89],[8801.15, 538.8],[8800.65, 538.62],[8796.15, 537.8],[8793.76, 537.58],[8791.15, 537.8],[8786.15, 536.89],[8785.15, 536.8],[8784.65, 536.62],[8780.15, 535.8],[8775.15, 535.8],[8764.15, 534.8],[8760.15, 533.35],[8757.15, 532.8],[8727.15, 532.8],[8716.15, 531.8],[8712.82, 530.8],[8692.15, 530.8],[8690.15, 530.62],[8688.15, 530.8],[8684.15, 530.07],[8681.15, 529.8],[8679.65, 529.25],[8677.15, 528.8],[8666.15, 527.8],[8659.15, 525.25],[8657.15, 524.89],[8656.15, 524.8],[8655.65, 524.62],[8651.15, 523.8],[8650.47, 523.6],[8648.15, 523.8],[8643.15, 522.89],[8642.15, 522.8],[8641.65, 522.62],[8637.15, 521.8],[8635.75, 521.4],[8629.15, 520.8],[8622.48, 518.38],[8616.15, 517.8],[8615.15, 517.44],[8611.65, 516.8],[8611.15, 516.8],[8608.76, 516.58],[8606.15, 516.8],[8605.55, 516.69],[8603.15, 516.8],[8601.58, 516.67],[8600.15, 516.8],[8586.15, 516.8],[8565.15, 518.8],[8461.15, 518.8],[8460.65, 518.75],[8460.15, 518.8],[8458.95, 518.6],[8450.15, 517.8],[8447.4, 516.8],[8371.71, 516.8],[8370.15, 514.8],[8361.15, 507.8],[8351.15, 502.8],[8340.15, 498.8],[8329.15, 497.8],[8204.48, 497.8],[8201.15, 496.8],[8190.15, 495.8],[8180.9, 495.8],[8178.15, 494.8],[8170.48, 494.1],[8164.15, 491.8],[8153.15, 490.8],[8137.15, 490.8],[8126.15, 491.8],[8115.15, 495.8],[8105.15, 495.8],[8094.15, 494.8],[8089.15, 493.8],[8071.65, 493.8],[8066.15, 491.8],[8056.61, 490.93],[8056.15, 490.8],[8051.65, 489.98],[8051.15, 489.8],[8050.15, 489.71],[8045.15, 488.8],[8042.54, 489.02],[8040.15, 488.8],[8035.15, 488.8],[8030.65, 487.98],[8030.15, 487.8],[8029.15, 487.71],[8024.15, 486.8],[8021.54, 487.02],[8019.15, 486.8],[8015.66, 486.8],[8010.15, 484.8],[7999.15, 483.8],[7998.63, 483.84],[7998.15, 483.8],[7996.15, 483.8],[7991.65, 482.98],[7991.15, 482.8],[7990.15, 482.71],[7985.15, 481.8],[7982.54, 482.02],[7980.15, 481.8],[7972.82, 480.47],[7966.15, 478.8],[7965.65, 478.71],[7963.15, 477.8],[7958.11, 477.34],[7957.16, 477.17],[7956.15, 476.8],[7953.65, 476.35],[7952.15, 475.8],[7949.13, 475.52],[7945.15, 474.8],[7940.65, 473.98],[7940.15, 473.8],[7939.15, 473.71],[7934.15, 472.8],[7932.33, 472.95],[7922.09, 471.14],[7921.15, 470.8],[7917.8, 470.5],[7912.15, 468.8],[7901.15, 467.8],[7900.9, 467.8],[7898.15, 466.8],[7887.15, 465.8],[7878.66, 465.8],[7873.15, 463.8],[7862.15, 462.8],[7857.15, 462.8],[7850.15, 460.8],[7843.15, 458.8],[7838.65, 457.98],[7838.15, 457.8],[7837.16, 457.71],[7835.15, 457.34],[7828.15, 454.8],[7817.15, 453.8],[7816.63, 453.84],[7816.15, 453.8],[7794.9, 453.8],[7792.15, 452.8],[7781.15, 451.8],[7758.15, 451.8],[7747.15, 452.8],[7736.15, 456.8],[7728.15, 460.8],[7726.15, 461.8],[7723.19, 464.1],[7720.91, 465.62],[7715.15, 464.8],[7692.45, 461.77],[7692.15, 461.8],[7681.15, 460.8],[7667.15, 457.8],[7664.56, 456.86],[7660.64, 456.3],[7655.15, 455.8],[7649.48, 454.77],[7649.15, 454.8],[7616.15, 451.8],[7614.65, 451.39],[7612.35, 451.6],[7611.15, 451.8],[7610.65, 451.75],[7610.15, 451.8],[7527.15, 451.8],[7516.15, 450.8],[7511.15, 449.8],[7480.15, 449.8],[7479.65, 449.75],[7479.15, 449.8],[7477.95, 449.6],[7469.15, 448.8],[7466.4, 447.8],[7441.15, 447.8],[7438.29, 447.09],[7435.15, 446.8],[7430.75, 445.2],[7429.15, 444.8],[7411.15, 444.8],[7410.65, 444.75],[7410.15, 444.8],[7408.95, 444.6],[7400.15, 443.8],[7397.4, 442.8],[7392.15, 442.8],[7381.15, 441.8],[7380.15, 441.44],[7376.65, 440.8],[7372.15, 440.8],[7361.15, 439.8],[7359.21, 439.09],[7344.9, 437.05],[7342.15, 436.8],[7336.15, 435.8],[7302.15, 435.8],[7301.65, 435.75],[7301.15, 435.8],[7299.95, 435.6],[7291.15, 434.8],[7288.4, 433.8],[7242.15, 433.8],[7240.15, 433.62],[7238.15, 433.8],[7234.15, 433.07],[7231.15, 432.8],[7229.65, 432.25],[7227.15, 431.8],[7223.48, 430.8],[7034.15, 430.8],[7033.65, 430.75],[7033.15, 430.8],[7031.95, 430.6],[7023.15, 429.8],[7020.4, 428.8],[6911.15, 428.8],[6900.15, 427.8],[6899.15, 427.44],[6890.15, 425.8],[6888.58, 425.37],[6885.16, 424.8],[6863.15, 424.8],[6862.67, 424.76],[6862.15, 424.8],[6851.15, 423.8],[6845.64, 421.8],[6824.15, 421.8],[6813.15, 420.8],[6808.15, 419.8],[6791.15, 419.8],[6790.65, 419.75],[6790.15, 419.8],[6788.95, 419.6],[6780.15, 418.8],[6777.4, 417.8],[6770.15, 417.8],[6768.15, 417.62],[6766.15, 417.8],[6762.15, 417.07],[6759.15, 416.8],[6757.65, 416.25],[6755.15, 415.8],[6751.48, 414.8],[6747.15, 414.8],[6736.15, 413.8],[6735.15, 413.44],[6731.64, 412.8],[6722.15, 412.8],[6711.15, 411.8],[6709.46, 411.18],[6706.81, 410.74],[6706.15, 410.8],[6695.15, 408.8],[6691.48, 407.8],[6678.15, 407.8],[6667.15, 406.8],[6665.46, 406.18],[6663.17, 405.8],[6657.15, 405.8],[6646.15, 404.8],[6644.46, 404.18],[6641.81, 403.74],[6641.15, 403.8],[6630.15, 401.8],[6626.48, 400.8],[6611.15, 400.8],[6610.65, 400.75],[6610.15, 400.8],[6608.95, 400.6],[6600.15, 399.8],[6597.4, 398.8],[6567.15, 398.8],[6566.65, 398.75],[6566.15, 398.8],[6564.95, 398.6],[6556.15, 397.8],[6553.4, 396.8],[6516.15, 396.8],[6515.65, 396.75],[6515.15, 396.8],[6504.15, 395.8],[6494.82, 393.8],[6458.15, 393.8],[6455.15, 394.35],[6451.15, 395.8],[6440.15, 396.8],[6423.9, 396.8],[6421.15, 397.8],[6412.35, 398.6],[6411.15, 398.8],[6410.65, 398.75],[6410.15, 398.8],[6395.9, 398.8],[6393.15, 399.8],[6384.35, 400.6],[6383.15, 400.8],[6382.65, 400.75],[6382.15, 400.8],[6379.15, 400.8],[6376.15, 401.35],[6372.15, 402.8],[6361.15, 403.8],[6356.91, 403.8],[6354.15, 404.8],[6343.15, 405.8],[6342.15, 405.8],[6337.65, 406.62],[6337.15, 406.8],[6336.15, 406.89],[6331.15, 407.8],[6328.55, 407.58],[6328.15, 407.62],[6322.15, 409.8],[6311.15, 410.8],[6310.63, 410.76],[6310.15, 410.8],[6308.15, 410.8],[6297.15, 412.8],[6277.58, 414.5],[6269.15, 416.8],[6265.46, 417.47],[6264.15, 417.8],[6263.66, 417.8],[6260.15, 418.44],[6259.15, 418.8],[6248.15, 419.8],[6245.15, 419.8],[6242.15, 420.35],[6233.15, 422.8],[6230.65, 423.25],[6229.15, 423.8],[6219.15, 425.8],[6208.15, 426.8],[6203.66, 426.8],[6200.15, 427.44],[6199.15, 427.8],[6188.15, 428.8],[6187.15, 428.8],[6184.65, 429.3],[6180.15, 430.8],[6175.92, 431.57],[6175.15, 431.8],[6168.08, 433.37],[6164.15, 434.8],[6155.35, 435.6],[6154.15, 435.8],[6153.65, 435.75],[6153.15, 435.8],[6145.9, 435.8],[6143.15, 436.8],[6136.82, 437.38],[6130.15, 439.8],[6124.22, 440.34],[6124.08, 440.37],[6120.15, 441.8],[6115.02, 442.27],[6113.15, 442.8],[6108.65, 443.62],[6108.15, 443.8],[6107.16, 443.89],[6107.14, 443.89],[6099.15, 446.8],[6089.82, 447.65],[6081.15, 450.8],[6079.65, 450.94],[6077.15, 451.62],[6071.15, 453.8],[6065.16, 454.34],[6059.15, 455.44],[6058.15, 455.8],[6057.82, 455.83],[6055.15, 456.8],[6052.65, 457.25],[6051.15, 457.8],[6048.14, 458.08],[6045.17, 458.61],[6045.15, 458.62],[6039.15, 460.8],[6028.15, 461.8],[6027.9, 461.8],[6025.15, 462.8],[6014.15, 463.8],[6007.15, 463.8],[6002.65, 464.62],[6002.15, 464.8],[6001.15, 464.89],[5996.15, 465.8],[5993.54, 465.58],[5991.15, 465.8],[5951.9, 465.8],[5949.15, 466.8],[5940.35, 467.6],[5939.15, 467.8],[5938.65, 467.75],[5938.15, 467.8],[5926.15, 467.8],[5921.92, 468.57],[5921.15, 468.8],[5914.08, 470.37],[5910.15, 471.8],[5900.15, 473.8],[5893.82, 474.38],[5887.15, 476.8],[5876.15, 477.8],[5875.63, 477.76],[5875.15, 477.8],[5862.15, 477.8],[5851.15, 476.8],[5843.31, 473.95],[5793.15, 490.8],[5787.97, 493.07],[5785.15, 493.8],[5696.5, 526.84],[5687.15, 558.8],[5667.15, 597.8],[5639.15, 630.8],[5606.15, 658.8],[5591.93, 666.1],[5591.15, 666.8],[5590.3, 667.34],[5579.15, 676.8],[5567.72, 682.66],[5563.15, 686.8],[5526.15, 709.8],[5522.15, 711.3],[5515.15, 714.8],[5511.15, 716.8],[5502.52, 720.17],[5475.15, 731.8],[5472.45, 732.6],[5463.15, 738.8],[5457.07, 742],[5453.15, 744.8],[5438.79, 751.62],[5425.15, 758.8],[5420.72, 760.21],[5413.15, 763.8],[5398.17, 768.99],[5373.15, 780.8],[5370.72, 781.65],[5345.15, 794.8],[5331.4, 800.3],[5315.15, 807.8],[5277.65, 820.54],[5277.15, 820.8],[5265.15, 825.6],[5241.15, 835.8],[5208.36, 846.32],[5199.83, 850.66],[5182.15, 863.8],[5171.17, 870.33],[5165.15, 874.8],[5121.15, 901.8],[5120.21, 902.27],[5118.15, 903.8],[5077.2, 928],[5076.15, 928.8],[5053.65, 942.3],[5038.15, 957.8],[5025.98, 968.13],[5021.15, 972.8],[5017.98, 974.91],[5005.15, 985.8],[4989.98, 993.58],[4985.15, 996.8],[4982.56, 998.17],[4958.15, 1015.8],[4939.65, 1026.8],[4932.15, 1031.8],[4923.86, 1036.19],[4921.15, 1037.8],[4920.21, 1038.12],[4915.15, 1040.8],[4912.82, 1041.73],[4911.15, 1042.8],[4879.15, 1058.8],[4869.22, 1064.06],[4868.15, 1064.8],[4866.26, 1065.62],[4862.15, 1067.8],[4851.44, 1072.09],[4829.15, 1081.8],[4819.14, 1085.14],[4805.6, 1091.15],[4762.27, 1113.23],[4729.15, 1132.8],[4668.15, 1168.8],[4665.02, 1170.25],[4658.72, 1175.59],[4653.15, 1180.8],[4651.01, 1182.13],[4643.15, 1188.8],[4626.76, 1197.21],[4616.15, 1203.8],[4608.3, 1206.67],[4604.15, 1208.8],[4595.82, 1211.24],[4575.15, 1218.8],[4573.78, 1219.15],[4570.65, 1220.8],[4552.15, 1231.8],[4548.75, 1233.4],[4536.15, 1241.8],[4534.76, 1242.53],[4514.15, 1256.8],[4512.69, 1257.61],[4506.15, 1262.8],[4499.02, 1267.29],[4472.15, 1290.8],[4410.15, 1334.8],[4393.7, 1343.89],[4376.15, 1354.8],[4347.34, 1364.88],[4346.15, 1365.8],[4345.89, 1365.96],[4343.15, 1368.8],[4322.15, 1382.8],[4314.15, 1390.8],[4308.01, 1396.94],[4304.15, 1401.8],[4289.94, 1413.09],[4279.15, 1425.8],[4246.15, 1453.8],[4207.15, 1473.8],[4206.1, 1474.11],[4199.29, 1477.6],[4191.15, 1482.8],[4189.36, 1483.56],[4184.15, 1486.8],[4163.65, 1494.49],[4151.15, 1499.8],[4124.15, 1507.8],[4116.87, 1509.15],[4091.15, 1518.8],[4086.63, 1519.43],[4077.15, 1521.8],[4076.15, 1522.8],[4067.15, 1531.8],[4053.11, 1543.7],[4053.08, 1543.73],[4041.15, 1557.8],[4036.29, 1561.93],[4036.28, 1561.93],[4032.15, 1566.8],[4017.55, 1579.18],[4005.15, 1593.8],[4000.29, 1597.93],[4000.28, 1597.93],[3996.15, 1602.8],[3991.83, 1606.46],[3991.82, 1606.47],[3988.15, 1610.8],[3968.7, 1627.29],[3968.67, 1627.32],[3952.15, 1646.8],[3947.29, 1650.93],[3947.28, 1650.93],[3943.15, 1655.8],[3938.83, 1659.46],[3938.82, 1659.47],[3935.15, 1663.8],[3930.29, 1667.93],[3930.28, 1667.93],[3926.15, 1672.8],[3921.29, 1676.93],[3921.28, 1676.93],[3917.15, 1681.8],[3884.15, 1709.8],[3876.13, 1713.91],[3876.11, 1713.92],[3874.27, 1715.48],[3873.15, 1716.8],[3864.15, 1725.8],[3855.15, 1734.8],[3850.29, 1738.93],[3850.28, 1738.93],[3846.15, 1743.8],[3833.35, 1754.66],[3830.48, 1757.62],[3820.15, 1769.8],[3812.03, 1776.69],[3805.15, 1783.8],[3798.14, 1788.47],[3787.15, 1797.8],[3784.34, 1799.24],[3766.15, 1877.8],[3765.14, 1885.3],[3762.15, 1896.8],[3752.15, 1960.8],[3751.52, 1977.13],[3749.15, 2001.8]]]},"properties":{"objectType":"annotation","name":"fibre_trattate_gr3","color":[0, 128, 0]}},{"type":"Feature","id":"c3fe0680-bf91-409b-931e-69299030b72d","geometry":{"type":"MultiPolygon","coordinates":[[[[7257.43, 448.63],[7254.43, 447.77],[7252.93, 447.98],[7251.43, 447.77],[7248.43, 447.77],[7241.43, 446.77],[7240.43, 446.77],[7235.43, 446.77],[7234.43, 446.77],[7232.43, 446.77],[7231.43, 446.77],[7230.43, 446.77],[7227.43, 446.77],[7225.43, 446.77],[7224.43, 446.77],[7223.43, 446.77],[7221.43, 446.77],[7220.43, 446.77],[7213.43, 447.77],[7212.43, 448.06],[7207.43, 448.77],[7200.43, 450.77],[7198.43, 450.77],[7193.43, 450.77],[7190.43, 450.77],[7187.43, 450.77],[7185.43, 450.77],[7184.43, 450.77],[7177.43, 451.77],[7170.43, 452.77],[7163.43, 454.77],[7159.43, 456.77],[7158.76, 457.1],[7156.43, 457.77],[7155.1, 458.44],[7154.43, 457.77],[7146.43, 449.77],[7144.43, 447.77],[7138.43, 444.77],[7136.1, 444.1],[7135.43, 443.77],[7133.1, 443.1],[7132.43, 442.77],[7125.43, 440.77],[7118.43, 439.77],[7117.43, 439.77],[7114.43, 439.77],[7111.43, 439.77],[7110.43, 439.77],[7106.43, 439.77],[7103.43, 439.77],[7100.43, 439.77],[7096.43, 439.77],[7093.43, 439.77],[7088.43, 439.77],[7084.43, 439.77],[7080.43, 439.77],[7077.43, 439.77],[7074.43, 439.77],[7067.43, 440.77],[7067.09, 440.87],[7066.43, 440.77],[7061.43, 440.77],[7057.43, 440.77],[7054.43, 440.77],[7050.43, 440.77],[7044.43, 440.77],[7037.43, 441.77],[7036.43, 441.77],[7034.43, 441.77],[7033.43, 441.77],[7026.43, 442.77],[7022.93, 443.77],[7021.43, 443.77],[7019.43, 443.77],[7017.43, 443.77],[7016.43, 443.77],[7014.43, 443.77],[7013.43, 443.77],[7011.43, 443.77],[7010.43, 443.77],[7009.43, 443.77],[7007.43, 443.77],[7004.43, 443.77],[7003.43, 443.77],[7002.43, 443.77],[7000.43, 443.77],[6999.43, 443.77],[6997.43, 443.77],[6996.43, 443.77],[6994.43, 443.77],[6993.43, 443.77],[6992.43, 443.77],[6990.43, 443.77],[6989.43, 443.77],[6987.43, 443.77],[6986.43, 443.77],[6984.43, 443.77],[6982.43, 443.77],[6979.43, 443.77],[6976.43, 443.77],[6974.43, 443.77],[6970.43, 443.77],[6969.43, 443.77],[6963.43, 443.77],[6959.43, 443.77],[6957.43, 443.77],[6954.92, 443.77],[6951.43, 442.77],[6944.43, 441.77],[6943.43, 441.77],[6942.43, 441.77],[6940.43, 441.77],[6939.43, 441.77],[6937.43, 441.77],[6936.43, 441.77],[6935.43, 441.77],[6932.43, 441.77],[6929.43, 441.77],[6927.43, 441.77],[6925.43, 441.77],[6922.43, 441.77],[6919.43, 441.77],[6917.43, 441.77],[6915.43, 441.77],[6912.43, 441.77],[6907.43, 441.77],[6905.43, 441.77],[6903.43, 441.77],[6899.43, 441.77],[6897.43, 441.77],[6893.43, 441.77],[6892.43, 441.77],[6889.43, 441.77],[6887.43, 441.77],[6886.43, 441.77],[6883.43, 441.77],[6881.43, 440.77],[6874.43, 438.77],[6872.68, 438.52],[6870.43, 437.77],[6869.65, 437.88],[6869.43, 437.77],[6862.43, 435.77],[6861.03, 435.57],[6859.43, 434.77],[6852.43, 432.77],[6850.69, 432.52],[6848.43, 431.77],[6847.79, 431.86],[6847.43, 431.77],[6840.43, 430.77],[6833.43, 428.77],[6828.42, 428.05],[6827.43, 427.77],[6825.43, 427.48],[6819.43, 425.77],[6817.68, 425.52],[6815.43, 424.77],[6813.93, 424.98],[6812.43, 424.77],[6809.43, 424.77],[6808.43, 424.77],[6806.43, 424.77],[6799.43, 423.77],[6798.94, 423.77],[6795.43, 422.77],[6793.68, 422.52],[6791.43, 421.77],[6789.93, 421.98],[6788.43, 421.77],[6786.43, 421.77],[6785.43, 421.77],[6778.43, 420.77],[6776.43, 420.77],[6775.43, 420.77],[6768.43, 419.77],[6766.43, 419.77],[6765.43, 419.77],[6763.43, 419.77],[6761.43, 419.77],[6756.43, 419.77],[6755.43, 419.77],[6753.94, 419.77],[6750.43, 418.77],[6743.43, 417.77],[6741.43, 417.77],[6738.43, 417.77],[6735.43, 417.77],[6732.43, 417.77],[6729.43, 417.77],[6726.43, 417.77],[6722.43, 417.77],[6715.43, 418.77],[6711.93, 419.77],[6711.43, 419.77],[6702.43, 419.77],[6701.43, 419.77],[6698.43, 419.77],[6691.43, 420.77],[6690.43, 420.77],[6688.43, 420.77],[6681.43, 421.77],[6678.43, 421.77],[6676.93, 421.98],[6675.43, 421.77],[6673.18, 422.52],[6671.43, 422.77],[6664.43, 424.77],[6661.43, 424.77],[6657.43, 424.77],[6654.43, 424.77],[6647.43, 425.77],[6643.93, 426.77],[6641.43, 426.77],[6639.43, 426.77],[6637.43, 426.77],[6635.93, 426.77],[6632.43, 425.77],[6625.43, 424.77],[6622.43, 424.77],[6615.43, 422.77],[6611.43, 420.77],[6604.43, 418.77],[6601.43, 418.34],[6599.43, 417.77],[6597.68, 417.52],[6595.43, 416.77],[6593.94, 416.98],[6593.43, 416.91],[6589.43, 415.77],[6588.43, 415.63],[6588.41, 415.62],[6585.43, 414.77],[6578.43, 412.77],[6576.68, 412.52],[6574.43, 411.77],[6572.93, 411.98],[6571.43, 411.77],[6570.43, 411.77],[6568.43, 411.77],[6567.43, 411.77],[6562.43, 411.77],[6561.43, 411.77],[6558.43, 411.77],[6557.43, 411.77],[6550.43, 412.77],[6546.93, 413.77],[6544.43, 413.77],[6541.43, 413.77],[6538.43, 413.77],[6535.43, 413.77],[6532.43, 413.77],[6528.43, 413.77],[6525.43, 413.77],[6522.43, 413.77],[6521.43, 413.77],[6518.43, 413.77],[6517.43, 413.77],[6515.43, 413.77],[6514.43, 413.77],[6513.43, 413.77],[6511.43, 413.77],[6504.43, 414.77],[6497.43, 415.77],[6494.43, 416.63],[6493.43, 416.77],[6491.43, 416.77],[6488.43, 416.77],[6484.43, 416.77],[6478.43, 416.77],[6474.43, 416.77],[6467.43, 417.77],[6466.44, 418.05],[6464.43, 417.77],[6460.43, 417.77],[6455.43, 417.77],[6451.43, 417.77],[6449.93, 417.98],[6448.43, 417.77],[6446.18, 418.52],[6444.43, 418.77],[6440.93, 419.77],[6440.43, 419.77],[6437.43, 419.77],[6433.43, 419.77],[6430.43, 419.77],[6426.43, 419.77],[6423.43, 419.77],[6416.43, 420.77],[6414.43, 420.77],[6413.43, 420.77],[6411.43, 420.77],[6410.43, 420.77],[6408.43, 420.77],[6407.43, 420.77],[6400.43, 421.77],[6398.43, 421.77],[6391.43, 422.77],[6388.43, 423.63],[6387.43, 423.77],[6386.43, 423.77],[6383.43, 423.77],[6381.43, 423.77],[6380.43, 423.77],[6379.43, 423.77],[6377.43, 423.77],[6376.43, 423.77],[6374.43, 423.77],[6367.43, 424.77],[6366.43, 424.77],[6364.43, 424.77],[6363.43, 424.77],[6361.43, 424.77],[6360.43, 424.77],[6359.43, 424.77],[6357.43, 424.77],[6356.43, 424.77],[6354.43, 424.77],[6353.43, 424.77],[6346.43, 425.77],[6342.93, 426.77],[6340.43, 426.77],[6337.43, 426.77],[6336.43, 426.77],[6331.43, 426.77],[6330.43, 426.77],[6323.43, 426.77],[6320.94, 426.77],[6317.43, 425.77],[6310.43, 424.77],[6303.43, 424.77],[6299.43, 424.77],[6296.43, 424.77],[6293.43, 424.77],[6290.43, 424.77],[6283.43, 424.77],[6280.43, 424.77],[6276.43, 424.77],[6273.43, 424.77],[6270.43, 424.77],[6266.43, 424.77],[6263.43, 424.77],[6256.43, 425.77],[6252.93, 426.77],[6250.43, 426.77],[6247.43, 426.77],[6244.43, 426.77],[6242.43, 426.77],[6239.43, 426.77],[6236.43, 426.77],[6235.43, 426.91],[6234.43, 426.77],[6227.43, 427.77],[6225.43, 427.77],[6222.43, 427.77],[6215.43, 428.77],[6210.43, 430.2],[6210.42, 430.2],[6206.43, 430.77],[6205.43, 430.77],[6203.43, 430.77],[6202.43, 430.77],[6199.43, 430.77],[6197.93, 430.98],[6196.43, 430.77],[6194.18, 431.52],[6192.43, 431.77],[6190.43, 431.77],[6183.43, 432.77],[6180.43, 433.63],[6179.43, 433.77],[6178.43, 434.2],[6176.43, 434.77],[6173.1, 436.43],[6168.43, 437.77],[6167.63, 438.17],[6163.43, 438.77],[6160.43, 439.63],[6159.43, 439.77],[6158.42, 440.2],[6156.43, 440.77],[6152.84, 442.56],[6151.43, 442.77],[6144.43, 444.77],[6141.76, 446.1],[6139.43, 446.77],[6138.76, 447.1],[6136.43, 447.77],[6134.83, 448.57],[6133.43, 448.77],[6126.43, 450.77],[6124.83, 451.57],[6123.43, 451.77],[6122.43, 451.77],[6115.43, 452.77],[6111.93, 453.77],[6111.43, 453.77],[6110.43, 453.77],[6108.43, 453.77],[6101.43, 454.77],[6098.43, 454.77],[6095.43, 454.77],[6093.93, 454.98],[6092.43, 454.77],[6090.18, 455.52],[6088.43, 455.77],[6084.43, 456.91],[6078.43, 457.77],[6076.43, 457.77],[6073.43, 457.77],[6071.43, 457.77],[6064.43, 458.77],[6060.93, 459.77],[6056.43, 459.77],[6046.43, 459.77],[6042.43, 459.77],[6038.43, 459.77],[6034.43, 459.77],[6029.43, 459.77],[6025.43, 459.77],[6022.43, 459.77],[6018.43, 459.77],[6015.43, 459.77],[6011.43, 459.77],[6008.43, 459.77],[6005.43, 459.77],[6001.43, 459.77],[5999.93, 459.98],[5998.43, 459.77],[5996.18, 460.52],[5994.43, 460.77],[5992.43, 460.77],[5988.43, 460.77],[5986.43, 460.77],[5985.43, 460.77],[5978.43, 461.77],[5976.43, 461.77],[5975.43, 461.77],[5972.43, 461.77],[5969.43, 461.77],[5962.43, 462.77],[5958.45, 463.91],[5958.43, 463.91],[5957.93, 463.98],[5956.43, 463.77],[5954.18, 464.52],[5952.43, 464.77],[5950.43, 465.34],[5947.43, 465.77],[5940.43, 467.77],[5940.03, 467.97],[5934.43, 468.77],[5927.43, 470.77],[5925.83, 471.57],[5924.43, 471.77],[5923.43, 472.06],[5918.43, 472.77],[5915.43, 473.63],[5914.43, 473.77],[5913.44, 474.2],[5911.43, 474.77],[5910.08, 475.44],[5905.43, 476.77],[5903.84, 477.57],[5903.83, 477.57],[5902.43, 477.77],[5895.43, 479.77],[5893.43, 480.77],[5891.43, 480.77],[5888.43, 480.77],[5887.43, 480.63],[5884.43, 479.77],[5877.43, 478.77],[5875.43, 478.77],[5874.43, 478.77],[5872.43, 478.77],[5871.43, 478.77],[5870.43, 478.77],[5868.43, 478.77],[5867.43, 478.77],[5860.43, 479.77],[5853.43, 481.77],[5851.83, 482.57],[5850.43, 482.77],[5843.43, 484.77],[5841.43, 485.77],[5834.43, 487.77],[5829.08, 490.44],[5828.43, 490.63],[5827.43, 490.77],[5826.43, 491.2],[5824.43, 491.77],[5820.43, 493.77],[5818.93, 493.98],[5817.43, 493.77],[5815.18, 494.52],[5813.43, 494.77],[5811.43, 494.77],[5810.43, 494.77],[5803.43, 495.77],[5796.43, 497.77],[5794.43, 498.77],[5791.43, 499.63],[5791.41, 499.63],[5790.43, 499.77],[5783.43, 501.77],[5779.43, 503.77],[5778.76, 504.1],[5776.43, 504.77],[5770.43, 507.77],[5769.43, 508.77],[5767.43, 509.77],[5765.43, 510.77],[5755.43, 520.77],[5754.93, 521.77],[5753.43, 522.77],[5748.43, 527.77],[5744.43, 532.77],[5743.68, 534.52],[5743.43, 534.77],[5743.1, 535.1],[5742.43, 534.77],[5735.43, 532.77],[5728.43, 531.77],[5727.43, 531.77],[5726.43, 531.77],[5724.43, 531.77],[5723.43, 531.77],[5721.43, 531.77],[5720.43, 531.77],[5713.43, 532.77],[5706.43, 534.77],[5700.43, 537.77],[5698.43, 538.77],[5693.43, 538.77],[5691.43, 538.77],[5690.43, 538.77],[5687.43, 538.77],[5686.43, 538.77],[5683.43, 538.77],[5681.43, 538.77],[5680.43, 538.77],[5679.43, 538.77],[5677.43, 538.77],[5670.43, 537.77],[5669.43, 537.77],[5667.43, 537.77],[5666.43, 537.77],[5664.43, 537.77],[5657.43, 538.77],[5650.43, 540.77],[5644.43, 543.77],[5634.43, 553.77],[5631.85, 558.94],[5631.84, 558.94],[5625.43, 560.77],[5623.84, 561.57],[5622.43, 561.77],[5619.43, 562.63],[5618.43, 562.77],[5613.08, 563.96],[5612.93, 563.98],[5611.43, 563.77],[5609.18, 564.52],[5607.43, 564.77],[5603.76, 565.82],[5603.43, 565.77],[5599.43, 565.77],[5592.43, 566.77],[5585.43, 568.77],[5580.43, 568.77],[5573.43, 569.77],[5566.43, 571.77],[5564.43, 571.77],[5557.43, 572.77],[5552.43, 573.77],[5550.43, 573.77],[5543.43, 574.77],[5538.43, 575.77],[5538.09, 575.87],[5537.43, 575.77],[5533.43, 575.77],[5531.93, 575.98],[5530.43, 575.77],[5528.18, 576.52],[5526.43, 576.77],[5519.43, 578.77],[5512.43, 579.77],[5509.43, 580.63],[5508.43, 580.77],[5505.43, 581.77],[5503.93, 582.27],[5500.43, 582.77],[5494.43, 584.77],[5492.43, 584.77],[5485.43, 585.77],[5484.43, 586.06],[5479.43, 586.77],[5472.43, 588.77],[5465.43, 589.77],[5463.43, 590.34],[5460.43, 590.77],[5458.43, 591.77],[5454.43, 593.77],[5452.43, 594.77],[5452.13, 594.87],[5451.43, 594.77],[5444.43, 595.77],[5440.43, 596.77],[5437.76, 598.1],[5435.43, 598.77],[5431.06, 600.65],[5430.43, 600.77],[5423.43, 601.77],[5419.43, 602.77],[5415.93, 604.52],[5411.33, 605.9],[5410.43, 605.77],[5403.43, 606.77],[5401.43, 607.34],[5398.43, 607.77],[5396.43, 608.77],[5394.58, 609.46],[5392.43, 609.77],[5388.43, 610.77],[5384.43, 611.77],[5377.43, 613.77],[5375.43, 614.77],[5375.21, 614.88],[5374.43, 614.77],[5367.43, 615.77],[5366.43, 615.77],[5359.43, 616.77],[5352.43, 618.77],[5349.1, 620.44],[5349.08, 620.45],[5344.43, 621.77],[5341.76, 623.1],[5339.43, 623.77],[5336.43, 624.63],[5335.43, 624.77],[5334.43, 625.2],[5332.43, 625.77],[5328.43, 627.77],[5326.43, 628.77],[5325.44, 629.76],[5321.43, 631.77],[5317.43, 633.77],[5315.43, 634.77],[5314.43, 635.77],[5312.43, 636.77],[5308.43, 638.77],[5302.43, 641.77],[5300.42, 643.78],[5299.88, 644.05],[5299.87, 644.05],[5295.43, 642.77],[5288.43, 641.77],[5286.43, 641.77],[5285.43, 641.77],[5284.43, 641.77],[5277.43, 642.77],[5270.43, 643.77],[5265.4, 645.2],[5261.43, 645.77],[5258.43, 646.63],[5257.43, 646.77],[5254.43, 647.63],[5253.43, 647.77],[5252.83, 647.97],[5251.43, 647.77],[5249.18, 648.52],[5247.43, 648.77],[5245.43, 648.77],[5242.43, 648.77],[5235.43, 649.77],[5228.43, 651.77],[5221.43, 653.77],[5220.76, 654.1],[5218.43, 654.77],[5212.43, 657.77],[5211.83, 658.37],[5210.43, 658.77],[5207.76, 660.1],[5205.43, 660.77],[5199.43, 663.77],[5198.43, 664.77],[5192.43, 668.77],[5187.93, 673.27],[5184.43, 673.77],[5177.43, 675.77],[5175.83, 676.57],[5174.43, 676.77],[5167.43, 678.77],[5165.83, 679.57],[5164.43, 679.77],[5157.43, 681.77],[5156.23, 682.37],[5153.43, 682.77],[5149.43, 683.77],[5146.22, 685.37],[5143.43, 685.77],[5142.43, 686.06],[5137.43, 686.77],[5130.43, 688.77],[5129.23, 689.37],[5126.43, 689.77],[5123.43, 690.63],[5122.43, 690.77],[5119.43, 691.77],[5118.45, 692.19],[5118.1, 692.29],[5114.43, 691.77],[5113.43, 691.77],[5111.43, 691.77],[5110.43, 691.77],[5108.43, 691.77],[5107.43, 691.77],[5105.43, 691.77],[5104.43, 691.77],[5103.43, 691.77],[5101.43, 691.77],[5100.43, 691.77],[5093.43, 692.77],[5086.43, 694.77],[5085.76, 695.1],[5083.43, 695.77],[5079.43, 697.77],[5078.76, 698.1],[5076.43, 698.77],[5071.1, 701.44],[5071.08, 701.45],[5066.43, 702.77],[5064.43, 703.77],[5057.43, 705.77],[5055.83, 706.57],[5054.43, 706.77],[5047.43, 708.77],[5044.75, 710.11],[5043.42, 710.49],[5041.43, 710.77],[5034.43, 712.77],[5028.43, 715.77],[5018.43, 725.77],[5015.43, 731.77],[5014.63, 734.57],[5014.43, 734.63],[5013.43, 734.77],[5012.43, 735.2],[5010.43, 735.77],[5007.1, 737.43],[5002.43, 738.77],[5001.23, 739.37],[4998.43, 739.77],[4997.43, 739.77],[4996.43, 739.77],[4989.43, 740.77],[4985.43, 741.91],[4979.43, 742.77],[4976.43, 742.77],[4969.43, 743.77],[4964.43, 745.2],[4964.42, 745.2],[4960.43, 745.77],[4956.43, 745.77],[4949.43, 746.77],[4942.43, 748.77],[4941.77, 748.96],[4940.43, 748.77],[4938.18, 749.52],[4936.43, 749.77],[4934.43, 749.77],[4927.43, 750.77],[4920.43, 752.77],[4919.23, 753.37],[4916.43, 753.77],[4909.43, 755.77],[4903.43, 758.77],[4902.43, 759.2],[4900.43, 759.77],[4899.22, 760.37],[4896.43, 760.77],[4893.43, 761.63],[4892.43, 761.77],[4891.43, 762.2],[4889.43, 762.77],[4887.82, 763.57],[4886.43, 763.77],[4883.43, 764.63],[4882.43, 764.77],[4881.42, 765.2],[4879.43, 765.77],[4878.23, 766.37],[4875.43, 766.77],[4872.76, 767.44],[4870.43, 767.77],[4867.43, 768.63],[4866.43, 768.77],[4865.42, 769.2],[4863.43, 769.77],[4861.84, 770.57],[4860.43, 770.77],[4853.43, 772.77],[4850.1, 774.44],[4850.08, 774.45],[4845.43, 775.77],[4839.43, 778.77],[4838.43, 779.2],[4836.43, 779.77],[4832.43, 781.77],[4831.78, 782.1],[4829.43, 782.77],[4823.43, 785.77],[4822.43, 786.77],[4820.43, 787.77],[4819.43, 788.77],[4813.43, 791.77],[4812.43, 792.77],[4811.43, 793.77],[4809.43, 794.77],[4807.43, 796.77],[4805.43, 797.77],[4803.43, 798.77],[4801.43, 799.77],[4798.76, 801.1],[4796.43, 801.77],[4790.43, 804.77],[4789.43, 805.77],[4785.43, 807.77],[4778.43, 809.77],[4774.43, 811.77],[4771.93, 812.84],[4765.43, 813.77],[4762.43, 814.63],[4761.43, 814.77],[4760.43, 815.2],[4758.43, 815.77],[4757.43, 815.77],[4756.43, 815.77],[4749.43, 816.77],[4742.43, 818.77],[4740.22, 819.87],[4739.43, 819.77],[4737.18, 820.52],[4735.43, 820.77],[4728.43, 822.77],[4726.43, 823.77],[4724.43, 824.34],[4721.43, 824.77],[4719.43, 825.34],[4716.43, 825.77],[4714.43, 826.77],[4710.43, 828.77],[4708.43, 829.77],[4704.43, 831.77],[4702.43, 832.77],[4701.44, 833.76],[4699.43, 834.77],[4695.43, 838.77],[4694.44, 839.2],[4692.43, 839.77],[4685.43, 841.77],[4684.43, 842.2],[4682.43, 842.77],[4678.43, 844.77],[4677.76, 845.1],[4675.43, 845.77],[4674.76, 846.1],[4672.43, 846.77],[4666.43, 849.77],[4664.19, 851.26],[4662.43, 851.77],[4656.43, 854.77],[4655.62, 855.58],[4651.43, 856.77],[4645.43, 859.77],[4641.43, 861.77],[4634.43, 864.77],[4631.43, 865.77],[4630.43, 866.2],[4628.43, 866.77],[4627.08, 867.44],[4626.43, 867.63],[4626.41, 867.63],[4625.43, 867.77],[4618.43, 869.77],[4612.43, 872.77],[4608.84, 874.56],[4607.43, 874.77],[4600.43, 876.77],[4594.43, 879.77],[4593.1, 880.44],[4588.43, 881.77],[4587.76, 882.1],[4585.43, 882.77],[4585.04, 882.96],[4584.93, 882.98],[4583.43, 882.77],[4581.18, 883.52],[4579.43, 883.77],[4577.43, 884.34],[4574.43, 884.77],[4567.43, 886.77],[4566.63, 887.17],[4562.43, 887.77],[4555.43, 889.77],[4555.21, 889.88],[4554.43, 889.77],[4552.18, 890.52],[4550.43, 890.77],[4548.43, 891.34],[4545.43, 891.77],[4542.43, 892.63],[4541.43, 892.77],[4540.43, 893.2],[4538.43, 893.77],[4535.1, 895.43],[4530.43, 896.77],[4524.43, 899.77],[4523.43, 900.77],[4519.43, 902.77],[4517.43, 904.77],[4509.43, 912.77],[4507.43, 914.77],[4506.76, 916.1],[4504.43, 916.77],[4498.43, 919.77],[4494.43, 921.77],[4493.78, 922.1],[4491.43, 922.77],[4490.43, 923.2],[4488.43, 923.77],[4484.43, 925.77],[4482.43, 926.77],[4480.43, 928.77],[4478.43, 929.77],[4474.44, 933.76],[4472.43, 934.77],[4471.43, 935.77],[4470.43, 936.77],[4468.43, 938.77],[4467.43, 939.77],[4466.44, 940.76],[4465.08, 941.44],[4461.43, 941.77],[4443.35, 947.23],[4441.43, 948.77],[4440.43, 949.77],[4437.43, 951.77],[4434.43, 954.77],[4433.43, 955.77],[4432.43, 956.77],[4430.93, 957.77],[4428.43, 959.77],[4427.43, 961.77],[4424.43, 964.77],[4417.43, 971.77],[4414.43, 974.77],[4412.43, 975.77],[4410.43, 977.77],[4405.43, 982.77],[4403.43, 984.77],[4401.43, 985.77],[4400.43, 986.77],[4398.43, 988.77],[4396.43, 989.77],[4393.1, 991.44],[4391.43, 992.77],[4389.43, 993.77],[4388.43, 994.77],[4386.43, 996.77],[4384.43, 998.77],[4382.43, 999.77],[4380.43, 1001.77],[4374.43, 1004.77],[4373.43, 1005.77],[4367.43, 1008.77],[4365.43, 1009.77],[4361.43, 1011.77],[4355.43, 1014.77],[4354.03, 1015.17],[4353.43, 1015.77],[4347.43, 1018.77],[4345.1, 1019.44],[4344.43, 1019.77],[4342.43, 1020.77],[4341.43, 1021.77],[4337.43, 1023.77],[4336.43, 1024.77],[4334.43, 1025.77],[4330.43, 1027.77],[4329.43, 1028.77],[4325.43, 1030.77],[4324.43, 1031.77],[4320.43, 1033.77],[4318.43, 1034.77],[4317.43, 1035.77],[4315.43, 1036.77],[4311.43, 1038.77],[4310.03, 1039.17],[4309.43, 1039.77],[4306.43, 1041.77],[4300.43, 1044.77],[4293.43, 1046.77],[4292.03, 1046.97],[4288.43, 1048.77],[4286.43, 1049.34],[4285.43, 1049.77],[4282.43, 1050.77],[4281.43, 1050.91],[4278.43, 1051.77],[4271.43, 1052.77],[4269.94, 1052.77],[4266.43, 1053.77],[4264.43, 1054.77],[4257.43, 1056.77],[4256.43, 1056.91],[4256.41, 1056.92],[4253.43, 1057.77],[4251.43, 1058.77],[4249.1, 1059.44],[4248.43, 1059.77],[4246.43, 1061.77],[4242.43, 1063.77],[4240.43, 1064.77],[4236.43, 1066.77],[4234.43, 1067.77],[4233.43, 1068.77],[4231.43, 1069.77],[4229.43, 1071.77],[4227.43, 1072.77],[4223.43, 1074.77],[4222.03, 1075.17],[4220.43, 1076.77],[4218.43, 1077.77],[4217.43, 1078.77],[4216.43, 1079.77],[4213.43, 1081.77],[4207.43, 1084.77],[4200.43, 1086.77],[4193.43, 1087.77],[4192.43, 1087.77],[4191.56, 1087.65],[4191.43, 1087.77],[4190.43, 1088.77],[4184.43, 1091.77],[4183.03, 1092.17],[4182.43, 1092.77],[4180.43, 1093.77],[4176.43, 1095.77],[4175.43, 1096.77],[4173.43, 1097.77],[4172.43, 1098.77],[4166.43, 1101.77],[4159.43, 1103.77],[4156.43, 1104.2],[4154.43, 1104.77],[4152.68, 1105.02],[4150.43, 1105.77],[4149.76, 1105.68],[4149.43, 1105.77],[4142.43, 1106.77],[4140.43, 1106.77],[4138.43, 1106.77],[4136.43, 1107.77],[4135.43, 1108.77],[4132.43, 1110.77],[4129.43, 1112.77],[4127.43, 1113.77],[4125.43, 1115.77],[4123.43, 1116.77],[4119.43, 1118.77],[4118.43, 1119.77],[4112.43, 1122.77],[4110.43, 1123.77],[4108.43, 1125.77],[4102.43, 1128.77],[4096.43, 1131.77],[4093.63, 1132.57],[4093.43, 1132.77],[4091.43, 1133.77],[4089.43, 1135.77],[4087.43, 1136.77],[4085.43, 1138.77],[4079.43, 1141.77],[4078.43, 1142.77],[4072.43, 1145.77],[4066.43, 1148.77],[4059.43, 1150.77],[4052.43, 1151.77],[4050.43, 1151.77],[4049.43, 1151.77],[4048.43, 1151.77],[4041.43, 1150.77],[4040.15, 1150.4],[4040.14, 1150.4],[4037.43, 1151.77],[4036.43, 1152.77],[4030.43, 1155.77],[4028.1, 1156.44],[4023.43, 1158.77],[4018.76, 1160.1],[4018.74, 1160.11],[4015.43, 1161.77],[4008.43, 1163.77],[4007.03, 1163.97],[4003.43, 1165.77],[3998.76, 1167.1],[3998.74, 1167.11],[3997.43, 1167.77],[3995.43, 1168.77],[3993.43, 1169.77],[3991.1, 1170.44],[3990.43, 1170.77],[3986.43, 1172.77],[3984.43, 1173.34],[3983.43, 1173.77],[3982.43, 1173.91],[3979.43, 1174.77],[3978.43, 1174.91],[3975.43, 1175.77],[3968.43, 1176.77],[3966.43, 1177.77],[3962.43, 1179.77],[3960.43, 1180.77],[3956.43, 1182.77],[3954.43, 1183.77],[3952.43, 1184.77],[3950.43, 1185.77],[3948.43, 1186.77],[3941.43, 1188.77],[3939.43, 1189.77],[3937.43, 1190.77],[3933.43, 1192.77],[3931.43, 1193.77],[3928.62, 1194.17],[3923.43, 1196.77],[3919.22, 1197.37],[3918.43, 1197.77],[3916.43, 1198.77],[3911.76, 1200.1],[3906.43, 1202.77],[3900.54, 1204.45],[3900.53, 1204.46],[3898.43, 1205.77],[3897.43, 1206.77],[3895.43, 1207.77],[3893.43, 1208.77],[3891.43, 1209.77],[3888.63, 1210.57],[3888.43, 1210.77],[3884.43, 1212.77],[3882.43, 1213.77],[3878.43, 1215.77],[3876.43, 1216.77],[3872.43, 1218.77],[3870.4, 1219.35],[3869.43, 1219.77],[3868.03, 1220.17],[3867.43, 1220.77],[3865.43, 1221.77],[3864.43, 1222.77],[3861.43, 1225.77],[3855.43, 1228.77],[3853.1, 1229.44],[3852.43, 1229.77],[3851.43, 1230.77],[3849.43, 1232.77],[3845.43, 1234.77],[3840.76, 1237.44],[3840.43, 1237.77],[3837.43, 1239.77],[3834.43, 1242.77],[3832.43, 1243.77],[3825.43, 1247.77],[3821.68, 1250.02],[3819.93, 1251.27],[3810.43, 1260.77],[3801.43, 1266.77],[3798.43, 1269.77],[3797.43, 1270.77],[3796.43, 1271.77],[3791.43, 1276.77],[3788.43, 1279.77],[3786.43, 1280.77],[3784.43, 1281.77],[3781.43, 1284.77],[3778.43, 1286.77],[3777.43, 1287.77],[3773.43, 1291.77],[3770.43, 1294.77],[3767.43, 1296.77],[3766.43, 1297.77],[3763.43, 1300.77],[3761.43, 1301.77],[3759.43, 1302.77],[3758.43, 1303.77],[3756.43, 1304.77],[3753.43, 1307.77],[3751.43, 1309.77],[3749.43, 1310.77],[3743.43, 1316.77],[3739.43, 1318.77],[3738.43, 1319.77],[3737.43, 1320.77],[3735.43, 1322.77],[3734.43, 1323.77],[3733.43, 1324.77],[3732.43, 1325.77],[3731.43, 1326.77],[3729.43, 1328.77],[3728.43, 1329.77],[3727.43, 1330.77],[3724.43, 1333.77],[3723.43, 1334.77],[3721.43, 1336.77],[3720.43, 1337.77],[3718.43, 1340.77],[3715.43, 1343.77],[3711.43, 1347.77],[3710.43, 1349.77],[3708.43, 1351.77],[3705.43, 1354.77],[3704.43, 1356.77],[3701.43, 1359.77],[3700.43, 1360.77],[3698.18, 1363.02],[3697.43, 1364.77],[3693.43, 1369.77],[3688.43, 1374.77],[3686.93, 1375.77],[3686.43, 1376.77],[3676.43, 1386.77],[3670.43, 1389.77],[3668.1, 1390.44],[3667.43, 1390.77],[3665.43, 1391.77],[3661.43, 1393.77],[3657.43, 1395.77],[3656.43, 1396.77],[3654.43, 1397.77],[3650.43, 1399.77],[3648.4, 1400.35],[3647.43, 1400.77],[3640.43, 1402.77],[3633.43, 1403.77],[3631.43, 1403.77],[3630.43, 1403.77],[3628.43, 1403.77],[3627.43, 1403.77],[3620.43, 1402.77],[3619.43, 1402.48],[3619.41, 1402.48],[3614.43, 1401.77],[3611.43, 1400.91],[3610.43, 1400.77],[3609.43, 1400.34],[3607.43, 1399.77],[3603.43, 1397.77],[3602.89, 1397.5],[3600.18, 1398.27],[3599.43, 1398.77],[3596.43, 1399.77],[3592.43, 1401.77],[3590.43, 1403.77],[3584.43, 1406.77],[3582.1, 1407.44],[3581.43, 1407.77],[3574.43, 1409.77],[3572.68, 1410.02],[3570.43, 1410.77],[3568.93, 1410.56],[3567.43, 1410.77],[3566.43, 1410.77],[3564.43, 1410.77],[3563.43, 1410.77],[3561.43, 1410.77],[3560.43, 1410.77],[3559.43, 1410.77],[3557.43, 1410.77],[3548.32, 1418.99],[3548.29, 1419],[3533.43, 1423.77],[3520.88, 1430.83],[3509.43, 1435.77],[3497.56, 1443.95],[3485.43, 1450.77],[3476.32, 1458.58],[3464.43, 1466.77],[3454.2, 1477.54],[3443.43, 1486.77],[3442.99, 1487.23],[3434.43, 1491.77],[3425.57, 1499.37],[3418.43, 1503.77],[3414.98, 1507.05],[3400.43, 1514.77],[3390.22, 1523.52],[3380.43, 1529.77],[3373.94, 1536.27],[3370.43, 1535.77],[3363.43, 1536.77],[3360.43, 1537.63],[3359.43, 1537.77],[3356.43, 1538.63],[3355.43, 1538.77],[3354.43, 1539.2],[3352.43, 1539.77],[3349.1, 1541.43],[3344.43, 1542.77],[3338.43, 1545.77],[3332.43, 1548.77],[3330.43, 1550.77],[3326.43, 1552.77],[3323.43, 1555.77],[3319.43, 1559.77],[3317.43, 1561.77],[3316.43, 1562.77],[3313.43, 1565.77],[3312.43, 1566.77],[3306.43, 1572.77],[3304.43, 1576.77],[3303.43, 1577.77],[3301.43, 1581.77],[3300.43, 1583.77],[3300.14, 1584.77],[3298.43, 1588.77],[3297.43, 1591.77],[3297.29, 1592.77],[3296.43, 1595.77],[3296.38, 1596.14],[3295.43, 1596.77],[3294.43, 1597.77],[3289.43, 1602.77],[3285.43, 1606.77],[3283.43, 1608.77],[3282.43, 1609.77],[3279.43, 1612.77],[3278.43, 1613.77],[3273.43, 1618.77],[3272.43, 1619.77],[3270.43, 1621.77],[3269.43, 1622.77],[3267.43, 1624.77],[3265.43, 1625.77],[3263.43, 1626.77],[3260.43, 1629.77],[3258.43, 1631.77],[3253.43, 1635.77],[3252.43, 1636.77],[3250.43, 1638.77],[3248.43, 1640.77],[3245.43, 1643.77],[3242.43, 1646.77],[3241.43, 1648.77],[3240.43, 1650.77],[3238.43, 1652.77],[3236.43, 1654.77],[3235.43, 1656.77],[3234.43, 1657.77],[3233.43, 1658.77],[3232.43, 1659.77],[3230.43, 1661.77],[3229.43, 1662.77],[3228.43, 1663.77],[3226.43, 1665.77],[3225.43, 1666.77],[3220.43, 1671.77],[3219.43, 1672.77],[3217.43, 1674.77],[3216.43, 1675.77],[3215.43, 1676.77],[3214.43, 1677.77],[3212.43, 1679.77],[3210.43, 1681.77],[3206.43, 1685.77],[3205.43, 1686.77],[3202.43, 1689.77],[3196.43, 1695.77],[3195.43, 1696.77],[3194.43, 1698.77],[3193.43, 1700.77],[3192.43, 1701.77],[3191.43, 1702.77],[3189.43, 1705.77],[3187.43, 1709.77],[3185.43, 1709.77],[3184.43, 1709.77],[3182.93, 1709.98],[3181.43, 1709.77],[3179.18, 1710.52],[3177.43, 1710.77],[3175.43, 1711.34],[3172.43, 1711.77],[3169.43, 1712.63],[3168.43, 1712.77],[3167.43, 1713.2],[3165.43, 1713.77],[3161.43, 1715.77],[3159.43, 1716.77],[3157.43, 1718.77],[3155.43, 1719.77],[3154.44, 1720.76],[3152.43, 1721.77],[3151.43, 1722.77],[3149.76, 1724.1],[3144.43, 1726.77],[3141.43, 1729.77],[3139.43, 1731.77],[3137.43, 1732.77],[3134.43, 1735.77],[3133.43, 1736.77],[3130.43, 1738.77],[3129.43, 1739.77],[3128.43, 1740.77],[3125.43, 1743.77],[3122.43, 1745.77],[3121.43, 1746.77],[3118.43, 1749.77],[3117.43, 1750.77],[3112.43, 1755.77],[3111.43, 1756.77],[3108.43, 1759.77],[3107.43, 1760.77],[3107.03, 1761.37],[3106.43, 1761.77],[3105.43, 1762.77],[3101.43, 1766.77],[3100.43, 1767.77],[3099.43, 1769.27],[3097.43, 1771.77],[3096.43, 1772.77],[3095.43, 1773.77],[3093.43, 1775.77],[3092.43, 1776.77],[3091.43, 1777.77],[3090.43, 1778.77],[3088.43, 1780.77],[3085.43, 1783.77],[3082.43, 1786.77],[3081.43, 1788.77],[3080.43, 1789.77],[3078.43, 1792.77],[3077.43, 1793.77],[3073.43, 1797.77],[3071.43, 1799.77],[3070.43, 1801.77],[3068.43, 1803.77],[3065.43, 1806.77],[3064.43, 1808.77],[3063.43, 1810.27],[3061.43, 1812.77],[3060.43, 1813.77],[3059.43, 1815.77],[3058.43, 1816.77],[3057.43, 1817.77],[3055.43, 1819.77],[3054.43, 1820.77],[3053.43, 1821.77],[3051.43, 1823.77],[3049.43, 1827.77],[3048.43, 1829.77],[3045.43, 1832.77],[3044.43, 1834.77],[3043.43, 1835.77],[3041.43, 1837.77],[3038.43, 1840.77],[3035.43, 1843.77],[3033.43, 1847.77],[3028.43, 1852.77],[3027.43, 1854.77],[3024.43, 1857.77],[3019.43, 1862.77],[3018.43, 1863.77],[3016.43, 1867.77],[3013.43, 1869.77],[3008.43, 1874.77],[2998.43, 1884.77],[2995.43, 1890.77],[2994.76, 1893.1],[2994.43, 1893.77],[2993.1, 1898.44],[2993.09, 1898.46],[2992.43, 1899.77],[2990.43, 1906.77],[2990.29, 1907.77],[2990.29, 1907.78],[2990.28, 1907.79],[2989.43, 1910.77],[2988.43, 1912.77],[2987.76, 1915.1],[2986.43, 1917.77],[2985.43, 1919.77],[2983.43, 1926.77],[2982.43, 1928.77],[2982.03, 1930.17],[2981.43, 1930.77],[2980.43, 1931.77],[2978.43, 1933.77],[2977.43, 1934.77],[2976.43, 1935.77],[2975.43, 1936.77],[2974.43, 1937.77],[2971.43, 1940.77],[2970.43, 1941.77],[2968.43, 1943.77],[2967.43, 1945.77],[2966.43, 1947.77],[2964.43, 1949.77],[2963.43, 1950.77],[2962.43, 1952.77],[2961.43, 1953.77],[2958.43, 1959.77],[2955.43, 1965.77],[2953.43, 1972.77],[2953.29, 1973.77],[2953.28, 1973.79],[2952.43, 1976.77],[2951.93, 1980.27],[2951.43, 1980.77],[2949.43, 1982.77],[2947.43, 1984.77],[2944.43, 1987.77],[2941.43, 1989.77],[2936.43, 1994.77],[2934.43, 1996.77],[2933.43, 1997.77],[2930.43, 1999.77],[2926.43, 2001.77],[2925.43, 2002.77],[2921.43, 2004.77],[2918.43, 2007.77],[2917.43, 2008.77],[2911.43, 2014.77],[2908.43, 2017.77],[2907.43, 2018.77],[2905.43, 2022.77],[2904.43, 2023.77],[2903.43, 2024.77],[2901.43, 2026.77],[2900.43, 2027.77],[2899.43, 2028.77],[2897.43, 2030.77],[2894.43, 2036.77],[2891.43, 2042.77],[2890.76, 2045.1],[2888.43, 2049.77],[2887.76, 2052.1],[2887.43, 2052.77],[2886.76, 2055.1],[2884.43, 2059.77],[2883.76, 2062.1],[2881.43, 2066.77],[2880.76, 2069.1],[2880.43, 2069.77],[2878.43, 2076.77],[2878.18, 2078.52],[2877.43, 2080.77],[2877.64, 2082.27],[2877.43, 2083.77],[2877.43, 2084.77],[2877.43, 2086.77],[2877.43, 2087.77],[2878.43, 2094.77],[2880.25, 2101.13],[2878.43, 2104.77],[2877.85, 2106.8],[2877.43, 2107.77],[2876.76, 2110.1],[2876.43, 2110.77],[2874.43, 2114.77],[2873.85, 2116.8],[2873.43, 2117.77],[2871.43, 2121.77],[2868.43, 2127.77],[2867.63, 2130.57],[2867.43, 2130.77],[2866.93, 2131.77],[2865.43, 2133.77],[2863.43, 2135.77],[2862.43, 2137.77],[2861.43, 2138.77],[2858.43, 2144.77],[2857.43, 2145.77],[2856.43, 2147.77],[2851.43, 2152.77],[2848.43, 2158.77],[2848.03, 2160.17],[2847.43, 2160.77],[2846.43, 2162.77],[2844.43, 2164.77],[2836.43, 2172.77],[2835.1, 2175.44],[2835.09, 2175.46],[2832.43, 2178.77],[2830.43, 2181.77],[2829.43, 2182.77],[2828.43, 2183.77],[2826.43, 2185.77],[2824.43, 2189.77],[2823.43, 2190.77],[2822.43, 2192.77],[2820.43, 2194.77],[2819.43, 2196.77],[2818.43, 2197.77],[2817.43, 2198.77],[2815.43, 2200.77],[2813.43, 2202.77],[2809.43, 2207.77],[2806.43, 2210.77],[2804.43, 2212.77],[2803.76, 2214.1],[2802.43, 2215.77],[2799.43, 2218.77],[2796.43, 2221.77],[2794.43, 2224.77],[2793.43, 2226.77],[2791.43, 2230.77],[2790.43, 2231.77],[2787.43, 2234.77],[2785.43, 2236.77],[2783.43, 2238.77],[2780.43, 2241.77],[2779.43, 2243.77],[2777.43, 2245.77],[2776.43, 2247.77],[2774.43, 2251.77],[2773.85, 2253.8],[2773.43, 2254.77],[2771.43, 2258.77],[2770.86, 2260.77],[2770.43, 2261.77],[2770.29, 2262.77],[2769.43, 2265.77],[2769, 2268.77],[2768.43, 2270.77],[2768.23, 2272.17],[2767.43, 2273.77],[2766.76, 2276.1],[2765.43, 2278.77],[2764.43, 2282.77],[2763.43, 2284.77],[2762.1, 2289.44],[2761.43, 2290.77],[2759.43, 2297.77],[2758.76, 2300.1],[2757.43, 2302.77],[2754.43, 2308.77],[2753.1, 2313.44],[2753.09, 2313.46],[2750.43, 2318.77],[2748.43, 2325.77],[2747.43, 2327.77],[2745.43, 2334.77],[2744.43, 2341.77],[2744.43, 2342.77],[2744.43, 2344.77],[2744.43, 2345.77],[2744.43, 2346.77],[2744.43, 2348.77],[2744.43, 2349.77],[2744.43, 2351.77],[2744.43, 2352.77],[2745.43, 2359.77],[2747.43, 2366.77],[2747.6, 2367.1],[2747.6, 2367.11],[2747.43, 2367.77],[2747.18, 2369.52],[2746.43, 2371.77],[2745.43, 2373.77],[2744.43, 2375.77],[2743.86, 2377.77],[2743.43, 2378.77],[2742.43, 2381.77],[2742.29, 2382.77],[2741.43, 2385.77],[2740.63, 2391.37],[2740.43, 2391.77],[2739.76, 2394.1],[2739.43, 2394.77],[2737.43, 2398.77],[2735.43, 2405.77],[2735.03, 2408.57],[2734.43, 2409.77],[2732.43, 2416.77],[2732.18, 2418.52],[2731.43, 2420.77],[2730.43, 2422.77],[2728.43, 2429.77],[2727.43, 2436.77],[2725.43, 2443.77],[2725.31, 2444.4],[2723.43, 2448.77],[2721.43, 2455.77],[2721.15, 2457.76],[2721.14, 2457.79],[2720.76, 2459.1],[2718.43, 2463.77],[2717.93, 2465.77],[2717.43, 2466.77],[2716.86, 2468.77],[2716.43, 2469.77],[2716.29, 2470.77],[2715.43, 2473.77],[2714.83, 2477.98],[2714.43, 2478.77],[2712.43, 2485.77],[2711.93, 2489.27],[2711.43, 2491.77],[2711, 2494.78],[2710.72, 2495.77],[2711.43, 2500.77],[2711.43, 2501.77],[2711.68, 2503.52],[2712.43, 2505.77],[2712.38, 2506.1],[2712.38, 2506.11],[2713.43, 2509.77],[2714.43, 2516.77],[2715.43, 2523.77],[2715.43, 2525.77],[2715.43, 2526.77],[2715.43, 2529.77],[2715.43, 2530.77],[2715.43, 2533.77],[2715.43, 2536.77],[2715.43, 2537.77],[2715.43, 2540.77],[2715.43, 2543.77],[2715.43, 2546.77],[2715.43, 2549.77],[2715.43, 2552.77],[2715.43, 2553.77],[2715.43, 2557.77],[2715.43, 2559.77],[2716.43, 2566.77],[2716.43, 2569.77],[2716.43, 2572.77],[2716.43, 2573.27],[2717.43, 2576.77],[2718.43, 2583.77],[2718.43, 2586.77],[2718.43, 2590.77],[2718.43, 2594.77],[2718.43, 2597.77],[2718.43, 2600.77],[2719.43, 2607.77],[2719.43, 2609.27],[2720.43, 2612.77],[2721.43, 2619.77],[2721.43, 2620.77],[2721.43, 2623.77],[2721.43, 2624.77],[2721.43, 2627.77],[2721.43, 2629.77],[2721.68, 2631.52],[2722.43, 2633.77],[2722.22, 2635.27],[2722.43, 2636.77],[2722.43, 2639.77],[2722.43, 2642.77],[2722.43, 2644.77],[2722.43, 2646.77],[2722.43, 2649.77],[2722.43, 2651.77],[2722.43, 2654.77],[2722.43, 2657.77],[2722.43, 2660.77],[2722.43, 2663.77],[2722.43, 2666.77],[2721.43, 2673.77],[2720.43, 2680.77],[2719.57, 2683.77],[2719.43, 2684.77],[2719, 2685.77],[2718.43, 2687.77],[2717.26, 2690.1],[2716.43, 2701.77],[2715.43, 2706.27],[2715.43, 2714.77],[2713.43, 2721.27],[2710.43, 2731.77],[2708.89, 2734.41],[2708.43, 2740.77],[2704.43, 2754.77],[2702.88, 2757.42],[2702.88, 2757.43],[2702.43, 2763.77],[2702.57, 2764.77],[2703.43, 2767.77],[2704.43, 2774.77],[2705.43, 2781.77],[2706, 2783.77],[2706.43, 2784.77],[2706.57, 2785.77],[2707.43, 2788.77],[2708.43, 2795.77],[2708.43, 2798.77],[2708.68, 2800.52],[2709.43, 2802.77],[2709.32, 2803.52],[2709.43, 2803.77],[2709.57, 2804.77],[2710.43, 2807.77],[2711.43, 2814.77],[2711.43, 2815.77],[2712.43, 2822.77],[2712.38, 2823.1],[2712.38, 2823.11],[2713.43, 2826.77],[2714.43, 2833.77],[2714.43, 2835.77],[2714.43, 2838.77],[2714.43, 2841.77],[2714.43, 2842.77],[2715.43, 2849.77],[2715.29, 2850.77],[2715.43, 2851.77],[2715.43, 2853.77],[2715.43, 2857.77],[2715.43, 2858.77],[2716, 2862.76],[2716, 2862.77],[2717.43, 2867.77],[2718.43, 2874.77],[2718.43, 2878.77],[2718.43, 2880.77],[2719.43, 2882.77],[2724.43, 2895.77],[2724.58, 2896.82],[2727.59, 2904.51],[2728.43, 2905.77],[2733.43, 2918.77],[2736.43, 2929.77],[2740.71, 2945.18],[2742.1, 2948.88],[2743.43, 2951.77],[2745.43, 2957.77],[2746.08, 2959.45],[2747.43, 2961.77],[2748.76, 2966.44],[2750.11, 2969.93],[2752.43, 2972.77],[2755.94, 2978.79],[2756.43, 2979.77],[2756.64, 2980.26],[2757.43, 2985.77],[2757.43, 2987.77],[2757.43, 2988.77],[2758.43, 2995.77],[2758.43, 2997.77],[2758.43, 3001.77],[2758.43, 3002.77],[2758.43, 3004.77],[2758.43, 3008.77],[2758.43, 3009.77],[2758.43, 3014.77],[2758.43, 3018.77],[2758.43, 3021.77],[2758.43, 3022.77],[2758.43, 3026.77],[2758.43, 3028.77],[2758.43, 3029.77],[2758.43, 3032.77],[2758.43, 3034.77],[2758.43, 3035.77],[2758.43, 3036.77],[2758.43, 3038.77],[2758.43, 3039.77],[2758.43, 3041.77],[2758.43, 3042.77],[2758.43, 3044.77],[2758.43, 3045.77],[2757.43, 3052.77],[2757.43, 3054.77],[2757.43, 3055.77],[2757.43, 3056.77],[2757.43, 3058.77],[2757.43, 3059.77],[2757.43, 3061.77],[2757.43, 3064.77],[2757.43, 3065.77],[2757.43, 3066.77],[2757.43, 3069.77],[2757.43, 3072.77],[2757.43, 3073.77],[2757.43, 3075.77],[2757.43, 3076.77],[2757.43, 3079.77],[2757.43, 3082.77],[2757.43, 3085.77],[2757.43, 3086.77],[2757.43, 3089.77],[2757.43, 3092.77],[2757.43, 3095.77],[2757.43, 3096.77],[2757.43, 3099.77],[2757.43, 3102.77],[2757.43, 3105.77],[2757.43, 3108.77],[2757.43, 3111.77],[2757.43, 3112.77],[2757.43, 3113.77],[2757.43, 3115.77],[2757.43, 3116.77],[2758.43, 3123.77],[2759.43, 3130.77],[2761.43, 3137.77],[2762.1, 3139.11],[2762.29, 3139.77],[2762.43, 3140.77],[2763.43, 3143.77],[2764.08, 3145.28],[2764.43, 3147.77],[2764.43, 3148.77],[2764.43, 3150.77],[2765.43, 3157.77],[2766.43, 3161.27],[2766.43, 3162.77],[2766.43, 3163.77],[2766.43, 3165.77],[2766.43, 3166.77],[2766.64, 3168.27],[2766.43, 3169.77],[2767.18, 3172.02],[2767.43, 3173.77],[2767.72, 3174.77],[2768.43, 3179.77],[2768.43, 3180.77],[2768.43, 3182.77],[2768.43, 3183.77],[2769.43, 3190.77],[2770.43, 3194.27],[2770.43, 3195.77],[2771.43, 3202.77],[2772, 3204.77],[2772.43, 3207.77],[2773.43, 3211.27],[2773.43, 3213.77],[2773.43, 3215.77],[2773.43, 3216.77],[2774.43, 3223.77],[2774.43, 3225.77],[2774.43, 3227.77],[2775.43, 3234.77],[2776.43, 3238.27],[2776.43, 3239.77],[2776.43, 3242.77],[2776.43, 3243.77],[2776.64, 3245.27],[2776.43, 3246.77],[2777.18, 3249.02],[2777.43, 3250.77],[2777.64, 3252.27],[2777.43, 3253.77],[2778.18, 3256.02],[2778.43, 3257.77],[2779.43, 3264.77],[2781.43, 3271.77],[2782.76, 3274.44],[2783.43, 3276.77],[2783.76, 3277.44],[2784.43, 3279.77],[2786.43, 3283.77],[2786.86, 3284.77],[2787.43, 3286.77],[2789.43, 3290.77],[2790.43, 3292.77],[2791.03, 3293.37],[2791.43, 3294.77],[2794.43, 3300.77],[2796.43, 3302.77],[2796.99, 3303.33],[2796.42, 3305.31],[2798.43, 3307.77],[2800.46, 3311.25],[2807.43, 3319.77],[2808.95, 3322.38],[2809.43, 3322.77],[2810.78, 3324.42],[2812.43, 3325.77],[2813.47, 3327.04],[2816.43, 3328.77],[2816.78, 3329.06],[2821.43, 3331.77],[2824.62, 3334.38],[2826.59, 3335.53],[2827.43, 3335.77],[2837.03, 3341.37],[2838.43, 3341.77],[2842.75, 3344.29],[2844.43, 3344.77],[2856.43, 3351.77],[2859.62, 3354.38],[2865.43, 3357.77],[2865.78, 3358.06],[2865.79, 3358.07],[2870.43, 3360.77],[2873.62, 3363.38],[2875.59, 3364.53],[2876.43, 3364.77],[2888.43, 3371.77],[2891.62, 3374.38],[2897.43, 3377.77],[2903.11, 3382.42],[2903.12, 3382.43],[2905.43, 3383.77],[2916.43, 3392.77],[2917.78, 3394.42],[2918, 3394.6],[2923.43, 3397.77],[2926.98, 3400.67],[2929.75, 3402.29],[2931.43, 3402.77],[2935.75, 3405.29],[2937.43, 3405.77],[2947.03, 3411.37],[2948.43, 3411.77],[2955.01, 3415.61],[2955.02, 3415.61],[2955.43, 3415.77],[2961.43, 3418.77],[2963.43, 3419.77],[2967.43, 3421.77],[2971.43, 3424.44],[2975.43, 3426.77],[2977.64, 3428.58],[2979.43, 3429.77],[2981.47, 3431.63],[2983.43, 3432.77],[2985.63, 3434.57],[2987.43, 3435.77],[2990.41, 3438.48],[2991.94, 3439.73],[2995.43, 3441.77],[3002.17, 3447.28],[3006.43, 3449.77],[3017.43, 3458.77],[3018.78, 3460.42],[3020.43, 3461.77],[3023.43, 3464.77],[3025.02, 3466.36],[3027.43, 3467.77],[3038.43, 3476.77],[3038.82, 3477.25],[3038.83, 3477.25],[3041.43, 3478.77],[3049.94, 3485.73],[3053.43, 3487.77],[3053.78, 3488.06],[3053.79, 3488.07],[3058.43, 3490.77],[3066.43, 3497.32],[3066.49, 3497.36],[3068.43, 3498.77],[3069.05, 3499.46],[3069.07, 3499.48],[3069.43, 3499.77],[3070.27, 3500.79],[3071, 3501.6],[3071.01, 3501.61],[3071.02, 3501.61],[3076.43, 3504.77],[3087.43, 3513.77],[3093.51, 3521.2],[3095.43, 3522.77],[3098.43, 3525.77],[3100.62, 3527.96],[3105.43, 3530.77],[3108.98, 3533.67],[3119.43, 3539.77],[3122.62, 3542.38],[3128.43, 3545.77],[3131.64, 3548.4],[3131.65, 3548.4],[3131.76, 3548.44],[3136.43, 3549.77],[3138.75, 3551.12],[3140.43, 3551.77],[3142.43, 3552.77],[3146.43, 3554.77],[3150.43, 3557.44],[3154.43, 3559.77],[3156.63, 3561.57],[3158.43, 3562.77],[3161.43, 3565.5],[3165.43, 3568.77],[3166.59, 3570.19],[3166.6, 3570.2],[3166.61, 3570.2],[3174.43, 3574.77],[3178.69, 3578.25],[3186.43, 3582.77],[3197.43, 3591.77],[3208.43, 3600.77],[3209.78, 3602.41],[3210.37, 3602.9],[3220.43, 3608.77],[3223.64, 3611.4],[3223.66, 3611.41],[3226.06, 3612.81],[3226.08, 3612.81],[3229.43, 3613.77],[3236.41, 3617.84],[3238.43, 3618.77],[3241.16, 3620.41],[3249.43, 3622.77],[3258.91, 3628.3],[3263.83, 3630.57],[3267.43, 3631.77],[3274.43, 3635],[3276.43, 3635.77],[3280.43, 3637.77],[3282.43, 3638.77],[3288.43, 3641.77],[3291.82, 3644.03],[3293.43, 3644.77],[3298.43, 3647.77],[3301.43, 3649.77],[3304.45, 3651.78],[3308.43, 3653.77],[3313.1, 3656.1],[3315.43, 3656.77],[3321.43, 3660.27],[3326.43, 3662.77],[3328.59, 3664.39],[3333.43, 3665.77],[3337.75, 3668.29],[3339.43, 3668.77],[3351.43, 3675.77],[3351.78, 3676.06],[3351.79, 3676.07],[3353.07, 3676.81],[3356.43, 3677.77],[3368.43, 3684.77],[3379.43, 3693.77],[3379.66, 3694.05],[3385.43, 3698.77],[3388.43, 3701.77],[3392.34, 3706.55],[3394.43, 3707.77],[3397.62, 3710.38],[3403.43, 3713.77],[3404.73, 3714.83],[3405.51, 3715.32],[3408.06, 3716.81],[3411.43, 3717.77],[3423.43, 3724.77],[3434.43, 3733.77],[3437.43, 3736.77],[3443.43, 3740.77],[3445.43, 3741.77],[3447.43, 3742.77],[3448.35, 3743.39],[3449.43, 3743.77],[3454.93, 3747.77],[3459.43, 3750.77],[3463.1, 3754.1],[3464.43, 3754.77],[3468.43, 3757.44],[3472.43, 3759.77],[3479.82, 3762],[3483.43, 3763.77],[3499.36, 3767.9],[3525.43, 3775.77],[3529.14, 3776.11],[3535.55, 3779.51],[3551.43, 3788.77],[3555.97, 3790.34],[3562.43, 3793.77],[3589.36, 3801.9],[3603.43, 3806.77],[3607.41, 3807.35],[3615.43, 3809.77],[3627.66, 3810.88],[3627.68, 3810.88],[3660.43, 3820.77],[3672.69, 3821.89],[3673.92, 3822.26],[3685.43, 3826.77],[3692.52, 3827.93],[3699.43, 3839.77],[3708.43, 3850.77],[3719.43, 3859.77],[3731.43, 3866.77],[3738.99, 3868.93],[3740.43, 3869.77],[3743.5, 3870.65],[3745.43, 3871.77],[3747.11, 3872.25],[3751.43, 3874.77],[3753.11, 3875.25],[3757.43, 3877.77],[3764.71, 3879.85],[3771.43, 3883.77],[3785.43, 3887.77],[3795.21, 3888.47],[3797.43, 3889.77],[3811.43, 3893.77],[3824.69, 3894.72],[3827.43, 3895.77],[3830.43, 3896.2],[3832.43, 3896.77],[3836.4, 3897.05],[3840, 3897.57],[3840.43, 3897.77],[3846.43, 3899.77],[3854.43, 3901.48],[3855.43, 3901.77],[3855.93, 3901.81],[3860.43, 3902.77],[3863.77, 3902.77],[3867.43, 3903.77],[3870.43, 3904.2],[3872.43, 3904.77],[3875.35, 3904.98],[3878.43, 3906.77],[3885.98, 3908.93],[3887.43, 3909.77],[3892.1, 3911.1],[3896.43, 3912.77],[3899.43, 3913.2],[3899.68, 3913.27],[3900.43, 3913.77],[3904.43, 3915.77],[3906.43, 3916.77],[3908.11, 3917.42],[3910.43, 3918.77],[3915.1, 3920.1],[3919.43, 3921.77],[3922.43, 3922.2],[3924.43, 3922.77],[3926.45, 3922.91],[3927.1, 3923.1],[3931.43, 3924.77],[3934.43, 3925.2],[3936.43, 3925.77],[3937.76, 3925.87],[3944.43, 3927.77],[3946.11, 3928.42],[3948.43, 3929.77],[3953.1, 3931.1],[3957.43, 3932.77],[3960.43, 3933.2],[3962.43, 3933.77],[3963.1, 3933.82],[3973.43, 3936.77],[3978.37, 3937.12],[3978.38, 3937.12],[3981.83, 3938.42],[3982.43, 3938.77],[3983.83, 3939.17],[3985.43, 3939.77],[3988.03, 3940.37],[3996.43, 3942.77],[3998.43, 3942.91],[4008.43, 3945.77],[4010.43, 3945.91],[4010.44, 3945.91],[4020.43, 3948.77],[4021.1, 3948.82],[4031.43, 3951.77],[4038.1, 3952.25],[4043.43, 3953.77],[4048.1, 3954.1],[4048.11, 3954.1],[4048.12, 3954.11],[4052.43, 3955.77],[4055.43, 3956.2],[4057.43, 3956.77],[4061.43, 3957.06],[4066.43, 3957.77],[4071.43, 3957.77],[4074.43, 3957.77],[4080.43, 3957.77],[4086.43, 3957.77],[4094.43, 3957.77],[4106.43, 3957.77],[4115.43, 3957.77],[4120.43, 3957.77],[4129.43, 3957.77],[4135.43, 3957.77],[4141.43, 3957.77],[4149.43, 3957.77],[4155.43, 3957.77],[4158.43, 3957.77],[4161.43, 3957.77],[4167.43, 3957.77],[4169.43, 3957.77],[4172.43, 3957.77],[4176.43, 3957.77],[4180.43, 3957.2],[4186.43, 3956.77],[4189.43, 3955.91],[4190.43, 3955.77],[4194.83, 3954.67],[4207.43, 3953.77],[4210.93, 3952.77],[4212.28, 3952.77],[4217.43, 3955.77],[4231.43, 3959.77],[4245.43, 3960.77],[4248.43, 3960.77],[4250.43, 3960.77],[4264.43, 3959.77],[4278.43, 3955.77],[4290.43, 3948.77],[4301.43, 3939.77],[4310.43, 3928.77],[4317.43, 3916.77],[4317.72, 3915.77],[4378.14, 3915.77],[4376.43, 3921.77],[4375.43, 3935.77],[4376.43, 3949.77],[4380.43, 3963.77],[4387.43, 3975.77],[4396.43, 3986.77],[4407.43, 3995.77],[4419.43, 4002.77],[4431.75, 4006.29],[4439.43, 4010.77],[4441.11, 4011.25],[4445.43, 4013.77],[4459.43, 4017.77],[4459.92, 4017.8],[4459.93, 4017.81],[4468.43, 4022.77],[4482.43, 4026.77],[4484.43, 4026.91],[4484.44, 4026.91],[4494.43, 4029.77],[4508.43, 4030.77],[4511.43, 4030.77],[4514.43, 4030.77],[4517.43, 4030.77],[4519.43, 4030.77],[4522.43, 4030.77],[4525.43, 4030.77],[4528.43, 4030.77],[4531.43, 4030.77],[4534.43, 4030.77],[4537.43, 4030.77],[4540.43, 4030.77],[4543.43, 4030.77],[4545.43, 4030.77],[4548.43, 4030.77],[4551.43, 4030.77],[4554.43, 4030.77],[4557.43, 4030.77],[4560.43, 4030.77],[4563.43, 4030.77],[4566.43, 4030.77],[4574.43, 4032.48],[4575.43, 4032.77],[4575.93, 4032.81],[4580.43, 4033.77],[4580.93, 4033.77],[4584.43, 4034.77],[4589.1, 4035.1],[4589.11, 4035.1],[4589.12, 4035.11],[4593.43, 4036.77],[4596.43, 4037.2],[4598.43, 4037.77],[4602.43, 4038.06],[4603.06, 4038.15],[4604.03, 4038.37],[4612.43, 4040.77],[4614.45, 4040.91],[4615.1, 4041.1],[4619.43, 4042.77],[4622.43, 4043.2],[4624.43, 4043.77],[4626.45, 4043.91],[4627.1, 4044.1],[4631.43, 4045.77],[4634.43, 4046.2],[4636.43, 4046.77],[4640.44, 4047.06],[4645.43, 4047.77],[4645.84, 4047.77],[4648.43, 4048.77],[4654.03, 4050.37],[4656.43, 4051.77],[4670.43, 4055.77],[4672.43, 4055.91],[4672.44, 4055.91],[4682.43, 4058.77],[4687.74, 4059.15],[4693.43, 4060.77],[4707.43, 4061.77],[4707.45, 4061.77],[4714.43, 4063.77],[4728.43, 4064.77],[4731.43, 4064.77],[4733.43, 4064.77],[4736.43, 4064.77],[4739.43, 4064.77],[4742.43, 4064.77],[4745.43, 4064.77],[4748.43, 4064.77],[4751.43, 4064.77],[4754.43, 4064.77],[4757.43, 4064.77],[4759.43, 4064.77],[4762.43, 4064.77],[4771.43, 4064.77],[4774.43, 4064.77],[4777.43, 4064.77],[4780.43, 4064.77],[4786.43, 4064.77],[4788.43, 4064.77],[4800.43, 4064.77],[4803.43, 4064.77],[4809.43, 4064.77],[4814.43, 4064.77],[4817.43, 4064.77],[4823.43, 4064.77],[4829.43, 4064.77],[4843.43, 4063.77],[4857.43, 4059.77],[4869.43, 4052.77],[4880.43, 4043.77],[4888.61, 4033.77],[4890.43, 4033.77],[4893.43, 4033.77],[4895.43, 4033.77],[4898.43, 4033.77],[4912.43, 4032.77],[4926.43, 4028.77],[4938.43, 4021.77],[4949.43, 4012.77],[4958.43, 4001.77],[4965.43, 3989.77],[4969.43, 3975.77],[4970.43, 3961.77],[4970.43, 3958.77],[4969.43, 3944.77],[4965.43, 3930.77],[4958.43, 3918.77],[4949.43, 3907.77],[4938.43, 3898.77],[4926.43, 3891.77],[4912.43, 3887.77],[4899.56, 3886.86],[4896.43, 3884.77],[4893.17, 3883.14],[4890.35, 3880.6],[4896.68, 3880.02],[4910.43, 3879.77],[4918.05, 3878.08],[4932.43, 3876.77],[4952.31, 3870.77],[4968.43, 3870.77],[4987.18, 3869.07],[5003.43, 3868.77],[5012.43, 3866.77],[5023.43, 3865.77],[5041.56, 3860.3],[5043.94, 3859.77],[5053.93, 3859.77],[5055.43, 3860.77],[5070.43, 3868.77],[5075.93, 3870.89],[5079.43, 3872.77],[5080.09, 3873.02],[5083.37, 3875.48],[5084.43, 3876.77],[5090.43, 3880.77],[5096.43, 3884.77],[5101.43, 3887.77],[5103.08, 3888.53],[5104.13, 3889.23],[5106.43, 3891.77],[5117.43, 3899.77],[5122.9, 3902.3],[5125.43, 3903.77],[5126.84, 3904.17],[5128.43, 3905.1],[5132.43, 3907.77],[5136.43, 3909.77],[5138.43, 3910.77],[5140.11, 3911.42],[5142.43, 3912.77],[5145.79, 3913.73],[5154.43, 3918.77],[5168.43, 3922.77],[5169.9, 3922.87],[5169.91, 3922.88],[5171.43, 3923.77],[5178.99, 3925.93],[5180.43, 3926.77],[5187.71, 3928.85],[5194.43, 3932.77],[5202.99, 3935.21],[5204.43, 3935.77],[5205.43, 3935.91],[5208.43, 3936.77],[5210.45, 3936.91],[5211.1, 3937.1],[5215.43, 3938.77],[5218.43, 3939.2],[5220.43, 3939.77],[5221.1, 3939.82],[5224.99, 3940.93],[5226.43, 3941.77],[5240.43, 3945.77],[5249.1, 3946.39],[5257.43, 3948.77],[5271.43, 3949.77],[5274.43, 3949.77],[5277.43, 3949.77],[5280.43, 3949.77],[5283.43, 3949.77],[5289.43, 3949.77],[5292.43, 3949.77],[5297.43, 3949.77],[5303.43, 3949.77],[5312.43, 3949.77],[5326.43, 3948.77],[5333.43, 3946.77],[5335.43, 3946.77],[5344.43, 3946.77],[5349.43, 3946.77],[5364.43, 3946.77],[5370.43, 3946.77],[5375.43, 3946.77],[5378.43, 3946.77],[5381.43, 3946.77],[5384.43, 3946.77],[5387.43, 3946.77],[5390.43, 3946.77],[5393.43, 3946.77],[5396.43, 3946.77],[5399.43, 3946.77],[5413.43, 3945.77],[5422.76, 3943.1],[5422.78, 3943.1],[5427.43, 3942.77],[5441.43, 3938.77],[5445.74, 3937.11],[5446.76, 3936.82],[5447.43, 3936.77],[5449.43, 3936.2],[5452.43, 3935.77],[5456.76, 3934.11],[5461.43, 3932.77],[5463.76, 3931.41],[5464.75, 3931.03],[5468.43, 3930.77],[5482.43, 3926.77],[5483.4, 3926.2],[5483.41, 3926.2],[5485.43, 3925.77],[5486.43, 3925.48],[5494.43, 3923.77],[5497.43, 3923.77],[5502.43, 3923.77],[5503.43, 3923.77],[5511.43, 3923.77],[5516.43, 3923.77],[5521.43, 3923.06],[5525.43, 3922.77],[5527.43, 3922.2],[5530.43, 3921.77],[5533.03, 3920.77],[5535.43, 3920.77],[5540.43, 3920.77],[5545.43, 3920.77],[5550.43, 3920.06],[5554.43, 3919.77],[5556.43, 3919.2],[5559.43, 3918.77],[5562.03, 3917.77],[5566.43, 3917.77],[5569.43, 3917.77],[5572.43, 3917.77],[5575.43, 3917.77],[5589.43, 3916.77],[5603.43, 3912.77],[5607.75, 3910.25],[5609.43, 3909.77],[5611.83, 3908.37],[5617.43, 3906.77],[5621.75, 3904.25],[5623.43, 3903.77],[5627.75, 3901.25],[5629.43, 3900.77],[5638.88, 3895.26],[5639.46, 3894.99],[5641.76, 3894.1],[5646.43, 3892.77],[5648.76, 3891.41],[5649.05, 3891.3],[5656.43, 3890.77],[5665.41, 3888.2],[5665.44, 3888.2],[5666.43, 3888.06],[5670.43, 3887.77],[5672.43, 3887.2],[5675.43, 3886.77],[5679.79, 3885.1],[5680.42, 3884.92],[5682.43, 3884.77],[5689.43, 3882.77],[5691.43, 3882.77],[5694.43, 3882.77],[5696.43, 3882.77],[5699.43, 3882.77],[5705.43, 3882.77],[5708.43, 3882.77],[5711.43, 3882.77],[5725.43, 3881.77],[5732.43, 3879.77],[5740.43, 3879.77],[5754.43, 3878.77],[5761.43, 3876.77],[5766.43, 3876.77],[5772.43, 3876.77],[5777.43, 3876.77],[5783.43, 3876.77],[5789.43, 3876.77],[5795.43, 3876.77],[5801.43, 3876.77],[5806.43, 3876.77],[5812.43, 3876.77],[5821.43, 3876.77],[5827.43, 3876.77],[5832.43, 3876.77],[5838.43, 3876.77],[5845.43, 3876.77],[5847.43, 3876.77],[5850.43, 3876.77],[5859.43, 3876.77],[5863.93, 3875.81],[5864.43, 3875.77],[5865.44, 3875.48],[5868.76, 3874.77],[5870.43, 3874.77],[5873.43, 3874.77],[5876.43, 3874.77],[5879.43, 3874.77],[5882.43, 3874.77],[5884.43, 3874.77],[5887.43, 3874.77],[5893.43, 3874.77],[5896.43, 3874.77],[5899.43, 3874.77],[5902.43, 3874.77],[5905.43, 3874.77],[5908.43, 3874.77],[5910.43, 3874.77],[5911.43, 3874.77],[5913.43, 3874.77],[5916.43, 3874.77],[5919.43, 3874.77],[5924.43, 3874.77],[5929.43, 3874.06],[5933.43, 3873.77],[5935.43, 3873.2],[5938.43, 3872.77],[5941.03, 3871.77],[5942.43, 3871.77],[5951.43, 3871.77],[5955.93, 3870.81],[5956.43, 3870.77],[5957.43, 3870.48],[5965.43, 3868.77],[5968.43, 3868.77],[5977.43, 3868.77],[5981.93, 3867.81],[5982.43, 3867.77],[5983.43, 3867.48],[5991.43, 3865.77],[5996.43, 3865.77],[6001.43, 3865.06],[6005.43, 3864.77],[6007.43, 3864.2],[6010.43, 3863.77],[6014.79, 3862.1],[6019.43, 3860.77],[6020.86, 3859.94],[6028.43, 3857.77],[6032.75, 3855.25],[6034.43, 3854.77],[6046.43, 3847.77],[6057.43, 3838.77],[6059.07, 3836.77],[6108.24, 3836.77],[6131.43, 3843.77],[6142.18, 3844.75],[6146.43, 3845.77],[6163.93, 3846.72],[6176.58, 3847.87],[6199.43, 3854.77],[6213.82, 3856.08],[6221.43, 3857.77],[6223.77, 3858.1],[6234.43, 3860.77],[6235.42, 3860.91],[6238.43, 3861.77],[6244.36, 3862.19],[6244.95, 3862.27],[6246.43, 3862.77],[6255.43, 3865.77],[6263.43, 3867.48],[6264.43, 3867.77],[6264.93, 3867.81],[6269.43, 3868.77],[6270.84, 3868.77],[6273.43, 3869.77],[6276.43, 3870.2],[6278.43, 3870.77],[6282.41, 3871.05],[6287.43, 3871.77],[6289.44, 3871.77],[6296.43, 3873.77],[6310.43, 3874.77],[6315.43, 3874.77],[6318.43, 3874.77],[6321.43, 3874.77],[6323.43, 3874.77],[6324.43, 3874.91],[6327.43, 3875.77],[6329.45, 3875.91],[6330.1, 3876.1],[6334.43, 3877.77],[6337.43, 3878.2],[6339.43, 3878.77],[6343.39, 3879.05],[6344.46, 3879.2],[6346.99, 3879.93],[6348.43, 3880.77],[6362.43, 3884.77],[6371.09, 3885.39],[6372.99, 3885.93],[6374.43, 3886.77],[6387.59, 3890.53],[6391.43, 3892.77],[6398.99, 3894.93],[6400.43, 3895.77],[6405.47, 3897.21],[6406.43, 3897.77],[6408.11, 3898.25],[6412.43, 3900.77],[6418.03, 3902.37],[6420.43, 3903.77],[6422.11, 3904.25],[6426.43, 3906.77],[6440.43, 3910.77],[6442.11, 3911.42],[6444.43, 3912.77],[6449.09, 3914.1],[6450.5, 3914.64],[6452.43, 3915.77],[6459.99, 3917.93],[6461.43, 3918.77],[6468.99, 3920.93],[6470.43, 3921.77],[6484.43, 3925.77],[6487.43, 3925.98],[6487.45, 3925.99],[6494.43, 3927.48],[6495.43, 3927.77],[6495.93, 3927.8],[6500.43, 3928.77],[6500.44, 3928.77],[6507.43, 3930.77],[6508.1, 3930.82],[6518.43, 3933.77],[6520.45, 3933.91],[6520.47, 3933.92],[6521.1, 3934.1],[6525.43, 3935.77],[6528.43, 3936.2],[6530.43, 3936.77],[6531.1, 3936.82],[6541.43, 3939.77],[6555.43, 3940.77],[6564.43, 3940.77],[6567.43, 3940.77],[6570.43, 3940.77],[6576.43, 3940.77],[6581.43, 3940.77],[6590.43, 3940.77],[6596.43, 3940.77],[6599.43, 3940.77],[6608.43, 3940.77],[6613.43, 3939.77],[6621.43, 3937.77],[6623.93, 3936.77],[6627.43, 3935.77],[6633.43, 3932.27],[6636.43, 3930.77],[6640.43, 3932.77],[6642.43, 3933.77],[6650.43, 3937.77],[6658.43, 3941.77],[6678.43, 3947.77],[6683.93, 3948.32],[6695.43, 3951.77],[6715.43, 3953.77],[6719.43, 3953.77],[6723.43, 3953.77],[6728.43, 3953.77],[6732.43, 3953.77],[6736.43, 3953.77],[6740.43, 3953.77],[6744.43, 3953.77],[6748.43, 3953.77],[6752.43, 3953.77],[6753.43, 3953.77],[6757.43, 3953.77],[6761.43, 3953.77],[6765.43, 3953.77],[6772.43, 3953.77],[6793.43, 3950.77],[6794.53, 3950.3],[6794.54, 3950.3],[6799.43, 3951.77],[6816.93, 3953.52],[6824.43, 3955.77],[6830.24, 3956.35],[6833.43, 3957.77],[6845.43, 3960.77],[6853.43, 3962.77],[6856.06, 3962.77],[6858.43, 3963.77],[6879.43, 3966.77],[6886.43, 3966.77],[6890.43, 3966.77],[6894.43, 3966.77],[6899.43, 3966.77],[6903.43, 3966.77],[6905.76, 3966.77],[6912.43, 3968.77],[6932.43, 3970.77],[6936.43, 3970.77],[6940.43, 3970.77],[6945.43, 3970.77],[6949.43, 3970.77],[6953.43, 3970.77],[6957.43, 3970.77],[6961.43, 3970.77],[6970.43, 3970.77],[6974.43, 3970.77],[6978.43, 3970.77],[6982.43, 3970.77],[6986.43, 3970.77],[6990.43, 3970.77],[6995.43, 3970.77],[6999.43, 3970.77],[7003.43, 3970.77],[7007.43, 3970.77],[7011.43, 3970.77],[7016.43, 3970.77],[7036.43, 3968.77],[7043.1, 3966.77],[7045.43, 3966.77],[7054.43, 3964.97],[7056.43, 3964.77],[7058.43, 3964.17],[7065.43, 3962.77],[7066.43, 3962.77],[7074.43, 3962.77],[7094.43, 3960.77],[7104.43, 3957.77],[7107.43, 3957.77],[7116.43, 3957.77],[7124.43, 3957.77],[7128.43, 3957.77],[7132.43, 3957.77],[7141.43, 3957.77],[7145.43, 3957.77],[7147.93, 3957.77],[7157.43, 3960.77],[7178.43, 3962.77],[7182.43, 3962.77],[7191.43, 3962.77],[7193.43, 3962.77],[7197.31, 3963.93],[7210.43, 3968.77],[7215.51, 3969.28],[7221.43, 3971.77],[7229.36, 3972.9],[7232.83, 3973.97],[7234.43, 3974.77],[7241.93, 3977.02],[7245.43, 3978.77],[7247.43, 3979.77],[7253.63, 3982.87],[7258.43, 3986.77],[7266.43, 3990.77],[7271.43, 3993.27],[7279.43, 3999.77],[7287.43, 4003.77],[7292.05, 4006.08],[7293.64, 4007.56],[7299.43, 4013.77],[7302.22, 4015.58],[7302.43, 4015.77],[7317.16, 4025.3],[7321.43, 4028.77],[7337.43, 4041.77],[7343.23, 4044.67],[7354.43, 4053.77],[7362.43, 4057.77],[7364.43, 4058.77],[7367.43, 4061.77],[7371.43, 4065.77],[7387.43, 4078.77],[7390.03, 4080.07],[7404.43, 4091.77],[7412.03, 4095.57],[7413.17, 4096.31],[7417.43, 4099.77],[7433.43, 4107.77],[7435.43, 4108.77],[7446.44, 4114.28],[7454.43, 4120.77],[7462.43, 4124.77],[7472.43, 4129.77],[7480.43, 4133.77],[7482.93, 4134.52],[7487.43, 4136.77],[7489.43, 4137.77],[7492.43, 4139.27],[7500.43, 4145.77],[7508.43, 4149.77],[7518.43, 4154.77],[7526.43, 4158.77],[7528.93, 4159.52],[7535.43, 4162.77],[7552.93, 4168.02],[7568.43, 4175.77],[7578.45, 4178.78],[7582.43, 4180.77],[7590.43, 4184.77],[7596.76, 4187.44],[7597.43, 4187.77],[7597.86, 4187.9],[7609.43, 4192.77],[7610.82, 4192.97],[7617.1, 4196.1],[7624.42, 4210.75],[7624.43, 4210.77],[7625.43, 4212.77],[7631.93, 4220.77],[7636.43, 4226.77],[7637.53, 4227.67],[7638.43, 4228.77],[7647.81, 4236.39],[7655.43, 4245.77],[7663.43, 4253.77],[7665.09, 4255.11],[7666.43, 4256.77],[7679.43, 4268.77],[7696.43, 4280.77],[7698.63, 4281.87],[7703.43, 4285.77],[7716.43, 4293.77],[7723.22, 4296.98],[7724.43, 4297.77],[7735.21, 4304.4],[7750.43, 4316.77],[7758.63, 4320.87],[7763.43, 4324.77],[7771.03, 4328.57],[7774.43, 4330.77],[7782.43, 4334.77],[7787.23, 4336.79],[7788.43, 4337.77],[7790.43, 4338.77],[7794.43, 4341.77],[7813.43, 4349.77],[7820.93, 4352.27],[7822.43, 4353.77],[7826.84, 4357.36],[7830.43, 4361.77],[7835.43, 4366.77],[7839.43, 4370.77],[7843.43, 4374.77],[7847.43, 4378.77],[7849.64, 4380.56],[7849.66, 4380.58],[7850.92, 4382.14],[7857.43, 4383.77],[7859.5, 4385.25],[7861.54, 4385.99],[7865.43, 4386.77],[7873.43, 4388.77],[7875.5, 4390.25],[7876.27, 4390.53],[7878.43, 4390.77],[7890.43, 4393.77],[7898.43, 4396.77],[7899.07, 4397.22],[7900.43, 4397.77],[7903.09, 4399.1],[7906.5, 4400.34],[7908.43, 4400.77],[7914.9, 4402.71],[7915.43, 4402.77],[7916.76, 4403.27],[7918.43, 4403.77],[7926.43, 4406.77],[7927.83, 4407.77],[7931.99, 4409.66],[7932.43, 4409.77],[7937.43, 4411.77],[7940.1, 4413.1],[7947.43, 4415.77],[7950.43, 4416.77],[7952.43, 4417.65],[7955.43, 4418.77],[7955.87, 4419.15],[7963.85, 4422.64],[7964.43, 4422.77],[7965.36, 4423.3],[7966.43, 4423.77],[7973.42, 4427.76],[7973.43, 4427.77],[7979.43, 4429.77],[7985.43, 4432.77],[7986.41, 4433.26],[8004.43, 4437.77],[8007.93, 4437.77],[8018.43, 4439.77],[8038.43, 4441.77],[8040.43, 4442.77],[8044.28, 4443.92],[8057.43, 4448.77],[8075.43, 4450.57],[8079.7, 4451.94],[8086.43, 4454.77],[8099.43, 4458.77],[8128.43, 4467.77],[8130.93, 4468.27],[8138.43, 4470.77],[8140.43, 4471.77],[8142.93, 4472.52],[8143.43, 4472.77],[8156.03, 4477.57],[8162.43, 4480.77],[8168.76, 4483.44],[8169.43, 4483.77],[8170.93, 4484.39],[8171.43, 4484.77],[8190.43, 4492.77],[8203.43, 4496.77],[8207.76, 4498.1],[8224.43, 4506.77],[8229.77, 4508.74],[8233.43, 4510.77],[8253.43, 4518.77],[8256.47, 4519.68],[8261.43, 4521.77],[8274.43, 4525.77],[8278.38, 4526.56],[8280.32, 4527.3],[8294.43, 4534.77],[8298.56, 4536.51],[8304.43, 4539.77],[8318.07, 4545.23],[8322.43, 4548.77],[8324.76, 4550.28],[8327.43, 4552.77],[8335.79, 4557.41],[8339.43, 4559.77],[8341.91, 4560.81],[8345.43, 4562.77],[8354.43, 4566.09],[8358.43, 4567.77],[8359.68, 4568.02],[8364.43, 4569.77],[8366.64, 4570.29],[8382.43, 4577.77],[8393.27, 4580.62],[8397.36, 4581.85],[8398.76, 4582.44],[8403.43, 4584.77],[8406.47, 4585.68],[8411.43, 4587.77],[8415.43, 4588.77],[8427.93, 4592.52],[8428.43, 4592.77],[8448.43, 4598.77],[8466.64, 4600.59],[8469.43, 4601.77],[8490.43, 4604.77],[8497.43, 4604.77],[8510.43, 4604.77],[8518.43, 4604.77],[8526.43, 4604.77],[8530.43, 4605.77],[8533.76, 4606.27],[8535.43, 4606.77],[8542.1, 4608.1],[8553.43, 4613.77],[8573.43, 4619.77],[8593.43, 4621.77],[8597.43, 4621.77],[8598.43, 4621.77],[8601.43, 4621.77],[8605.43, 4621.77],[8610.43, 4621.77],[8618.43, 4621.77],[8623.76, 4620.44],[8630.43, 4619.77],[8631.39, 4619.49],[8632.43, 4620.77],[8636.43, 4624.77],[8638.35, 4626.33],[8639.43, 4627.77],[8641.51, 4629.71],[8646.43, 4635.77],[8649.3, 4637.92],[8652.43, 4641.77],[8668.43, 4654.77],[8672.63, 4656.87],[8672.7, 4656.95],[8677.43, 4662.77],[8684.79, 4668.75],[8686.43, 4670.77],[8698.02, 4680.18],[8698.04, 4680.2],[8707.43, 4691.77],[8709.64, 4693.56],[8709.66, 4693.58],[8711.43, 4695.77],[8720.81, 4703.39],[8720.81, 4703.4],[8724.53, 4707.97],[8727.43, 4713.77],[8740.43, 4729.77],[8742.43, 4731.77],[8744.43, 4733.77],[8751.79, 4739.75],[8753.43, 4741.77],[8758.43, 4746.77],[8760.43, 4750.77],[8773.43, 4766.77],[8778.95, 4771.25],[8779.43, 4771.77],[8781.43, 4773.27],[8782.81, 4774.4],[8790.43, 4783.77],[8791.53, 4784.67],[8792.43, 4785.77],[8795.31, 4787.93],[8798.43, 4791.77],[8803.38, 4795.78],[8803.4, 4795.8],[8807.43, 4800.77],[8811.43, 4804.77],[8827.43, 4817.77],[8837.43, 4822.77],[8838.87, 4823.85],[8840.43, 4825.77],[8844.43, 4829.77],[8860.43, 4842.77],[8868.63, 4846.87],[8873.43, 4850.77],[8891.43, 4859.77],[8903.93, 4863.52],[8907.23, 4865.17],[8910.43, 4867.77],[8928.43, 4876.77],[8948.43, 4882.77],[8955.31, 4883.46],[8958.43, 4884.77],[8960.75, 4885.48],[8961.43, 4885.77],[8961.9, 4885.84],[8965.59, 4886.97],[8978.43, 4893.77],[8984.76, 4896.44],[8987.43, 4897.77],[8989.17, 4898.29],[8997.43, 4901.77],[9007.43, 4903.77],[9017.43, 4905.77],[9020.81, 4905.77],[9023.43, 4906.77],[9024.3, 4907.03],[9028.43, 4908.77],[9053.43, 4916.77],[9065.43, 4919.77],[9073.43, 4921.77],[9081.03, 4921.77],[9086.43, 4924.77],[9106.43, 4929.77],[9120.43, 4930.47],[9123.43, 4930.77],[9126.43, 4930.77],[9127.43, 4930.77],[9131.43, 4930.77],[9135.43, 4930.77],[9140.43, 4930.77],[9144.43, 4930.77],[9148.43, 4930.77],[9156.43, 4930.77],[9160.43, 4930.77],[9165.43, 4930.77],[9169.43, 4930.77],[9173.43, 4930.77],[9176.43, 4930.77],[9177.43, 4930.77],[9181.43, 4930.77],[9185.43, 4930.77],[9197.43, 4930.77],[9205.43, 4928.77],[9217.43, 4925.77],[9218.66, 4925.25],[9233.43, 4923.77],[9241.97, 4920.62],[9250.43, 4919.77],[9257.1, 4917.3],[9257.11, 4917.3],[9272.43, 4915.77],[9292.43, 4909.77],[9300.93, 4905.52],[9313.43, 4901.77],[9320.93, 4898.02],[9338.43, 4892.77],[9340.43, 4892.77],[9344.43, 4892.77],[9348.43, 4892.77],[9352.43, 4892.77],[9361.43, 4892.77],[9370.43, 4890.97],[9372.43, 4890.77],[9374.43, 4890.17],[9381.43, 4888.77],[9382.9, 4888.22],[9382.91, 4888.22],[9397.43, 4886.77],[9417.43, 4880.77],[9417.93, 4880.52],[9430.43, 4876.77],[9438.43, 4872.77],[9448.43, 4867.77],[9456.43, 4863.77],[9464.43, 4857.27],[9469.43, 4854.77],[9485.43, 4841.77],[9487.05, 4839.78],[9487.3, 4839.62],[9492.43, 4836.77],[9495.27, 4834.46],[9499.43, 4831.77],[9502.09, 4828.93],[9505.22, 4826.37],[9505.24, 4826.36],[9506.43, 4825.77],[9511.23, 4821.87],[9511.43, 4821.77],[9519.43, 4815.27],[9521.43, 4813.77],[9521.91, 4813.25],[9527.43, 4808.77],[9540.43, 4792.77],[9542.43, 4788.77],[9543.43, 4787.77],[9547.43, 4783.77],[9560.43, 4767.77],[9569.43, 4749.77],[9575.43, 4729.77],[9575.83, 4725.77],[9594.43, 4725.77],[9603.43, 4725.77],[9619.43, 4725.77],[9628.43, 4725.77],[9632.43, 4725.77],[9644.43, 4725.77],[9653.43, 4725.77],[9662.43, 4723.97],[9664.43, 4723.77],[9666.43, 4723.17],[9673.43, 4721.77],[9677.9, 4720.12],[9681.43, 4719.77],[9701.43, 4713.77],[9707.93, 4710.52],[9710.43, 4709.77],[9728.43, 4700.77],[9744.43, 4687.77],[9749.22, 4683.88],[9757.43, 4679.77],[9773.43, 4666.77],[9775.22, 4664.57],[9775.83, 4664.07],[9778.43, 4662.77],[9794.43, 4649.77],[9798.43, 4645.77],[9802.43, 4641.77],[9806.43, 4637.77],[9819.43, 4621.77],[9827.72, 4605.2],[9829.43, 4602.77],[9832.23, 4595.17],[9832.43, 4594.77],[9835.06, 4589.51],[9837.43, 4589.77],[9838.43, 4589.77],[9840.43, 4589.77],[9849.43, 4588.77],[9857.43, 4586.77],[9859.58, 4585.23],[9861.43, 4584.77],[9875.43, 4574.77],[9875.85, 4574.19],[9876.43, 4573.77],[9886.43, 4559.77],[9888.43, 4551.77],[9889.43, 4542.77],[9889.43, 4540.77],[9888.43, 4531.77],[9886.43, 4523.77],[9876.56, 4509.96],[9876.56, 4509.95],[9876.43, 4508.77],[9874.43, 4500.77],[9873.51, 4499.48],[9873.43, 4498.77],[9871.43, 4490.77],[9867.97, 4485.93],[9867.97, 4485.92],[9867.43, 4483.77],[9866.66, 4482.69],[9865.43, 4477.77],[9862.74, 4474.01],[9862.74, 4474],[9862.43, 4472.77],[9856.66, 4464.69],[9856.43, 4463.77],[9854.76, 4461.44],[9854.43, 4460.77],[9853.43, 4456.77],[9851.51, 4454.08],[9851.43, 4453.77],[9849.89, 4451.62],[9849.89, 4451.61],[9849.43, 4449.77],[9848.38, 4448.3],[9847.43, 4438.77],[9841.43, 4418.77],[9832.43, 4400.77],[9831.32, 4399.4],[9828.43, 4389.77],[9819.43, 4371.77],[9814.23, 4365.37],[9811.43, 4359.77],[9804.93, 4351.77],[9804.18, 4350.27],[9803.43, 4347.77],[9799.43, 4339.77],[9794.43, 4329.77],[9790.43, 4321.77],[9785.23, 4315.37],[9782.43, 4309.77],[9769.43, 4293.77],[9766.67, 4291.53],[9766.67, 4291.52],[9764.43, 4288.77],[9762.22, 4286.98],[9762.2, 4286.96],[9760.43, 4284.77],[9758.22, 4282.98],[9758.2, 4282.96],[9756.43, 4280.77],[9754.22, 4278.98],[9754.2, 4278.96],[9752.43, 4276.77],[9750.22, 4274.98],[9750.2, 4274.96],[9748.43, 4272.77],[9746.22, 4270.98],[9746.2, 4270.96],[9744.43, 4268.77],[9728.43, 4255.77],[9723.43, 4253.27],[9715.43, 4246.77],[9707.43, 4242.77],[9699.24, 4238.67],[9694.43, 4234.77],[9686.43, 4230.77],[9676.43, 4225.77],[9668.43, 4221.77],[9658.79, 4218.88],[9657.43, 4217.77],[9641.43, 4209.77],[9639.43, 4208.77],[9638.66, 4208.54],[9632.43, 4205.77],[9630.43, 4204.77],[9626.57, 4203.61],[9619.91, 4201.16],[9619.43, 4200.77],[9615.43, 4198.77],[9614.43, 4197.77],[9598.43, 4184.77],[9580.43, 4175.77],[9560.43, 4169.77],[9559.93, 4169.72],[9543.43, 4164.77],[9523.43, 4162.77],[9519.43, 4162.77],[9515.43, 4162.77],[9511.43, 4162.77],[9507.43, 4162.77],[9503.43, 4162.77],[9498.43, 4162.77],[9494.43, 4162.77],[9490.43, 4162.77],[9482.43, 4162.77],[9478.43, 4162.77],[9473.43, 4162.77],[9469.43, 4162.77],[9465.43, 4162.77],[9461.43, 4162.77],[9457.43, 4162.77],[9453.43, 4162.77],[9448.43, 4162.77],[9444.43, 4162.77],[9440.43, 4162.77],[9436.43, 4162.77],[9427.43, 4162.77],[9424.43, 4162.77],[9423.43, 4162.77],[9415.43, 4162.77],[9403.43, 4162.77],[9395.43, 4164.77],[9383.43, 4167.77],[9382.43, 4167.77],[9377.43, 4167.77],[9369.43, 4167.77],[9361.43, 4167.77],[9348.43, 4167.77],[9340.43, 4167.77],[9327.43, 4167.77],[9323.43, 4167.77],[9311.43, 4167.77],[9302.43, 4167.77],[9293.43, 4169.57],[9291.43, 4169.77],[9289.43, 4170.37],[9282.43, 4171.77],[9277.43, 4171.77],[9273.43, 4171.77],[9269.43, 4171.77],[9265.43, 4171.77],[9256.43, 4171.77],[9252.43, 4171.77],[9232.43, 4173.77],[9225.76, 4175.77],[9223.43, 4175.77],[9219.43, 4175.77],[9215.43, 4175.77],[9195.43, 4177.77],[9182.7, 4181.59],[9182.69, 4181.59],[9174.43, 4182.77],[9162.86, 4187.64],[9162.43, 4187.77],[9161.78, 4188.1],[9159.56, 4189.03],[9150.43, 4191.77],[9132.43, 4200.77],[9129.1, 4203.48],[9129.09, 4203.49],[9126.25, 4204.53],[9125.43, 4204.77],[9125, 4204.98],[9123.41, 4205.57],[9111.43, 4206.77],[9104.76, 4208.77],[9103.43, 4208.77],[9095.43, 4210.77],[9083.43, 4213.77],[9077.43, 4213.77],[9069.43, 4213.77],[9068.46, 4213.87],[9066.43, 4213.77],[9046.43, 4215.77],[9041, 4217.77],[9035.43, 4217.77],[9033.1, 4218],[9028.43, 4217.77],[9014.76, 4219.72],[9013.43, 4218.77],[9005.43, 4216.77],[8996.43, 4215.77],[8994.43, 4215.77],[8992.43, 4215.77],[8990.43, 4215.77],[8989.43, 4215.77],[8987.43, 4215.77],[8985.43, 4215.77],[8976.43, 4216.77],[8972.43, 4217.77],[8969.43, 4217.77],[8960.43, 4218.77],[8956.43, 4219.77],[8955.43, 4219.77],[8953.43, 4219.77],[8952.43, 4219.77],[8950.43, 4219.77],[8948.43, 4219.77],[8946.43, 4219.77],[8945.43, 4219.77],[8936.43, 4220.77],[8934.03, 4221.37],[8930.43, 4221.77],[8922.43, 4223.77],[8919.63, 4225.77],[8910.43, 4225.77],[8902.43, 4225.77],[8900.43, 4225.77],[8889.43, 4225.77],[8881.43, 4225.77],[8868.43, 4225.77],[8856.43, 4225.77],[8843.43, 4225.77],[8831.43, 4225.77],[8818.43, 4225.77],[8802.43, 4225.77],[8785.43, 4225.77],[8772.43, 4225.77],[8764.43, 4225.77],[8753.43, 4225.77],[8733.43, 4221.77],[8722.43, 4221.77],[8712.43, 4221.77],[8710.43, 4221.77],[8697.43, 4221.77],[8689.43, 4221.77],[8681.43, 4221.77],[8672.43, 4221.77],[8664.43, 4221.77],[8655.43, 4221.77],[8647.43, 4221.77],[8643.43, 4221.77],[8635.43, 4221.77],[8630.43, 4221.77],[8626.43, 4221.77],[8618.43, 4221.77],[8614.43, 4221.77],[8605.43, 4221.77],[8601.43, 4221.77],[8581.43, 4223.77],[8578.1, 4224.77],[8576.43, 4224.77],[8567.43, 4222.77],[8566.43, 4222.77],[8561.43, 4221.77],[8551.43, 4219.77],[8546.43, 4218.77],[8544.43, 4218.77],[8536.93, 4218.02],[8536.43, 4217.77],[8534.43, 4217.77],[8532.43, 4217.77],[8530.43, 4217.77],[8524.43, 4217.77],[8522.43, 4217.77],[8514.43, 4217.77],[8513.43, 4217.77],[8509.43, 4217.77],[8505.43, 4217.77],[8501.43, 4217.77],[8500.43, 4217.77],[8495.43, 4217.77],[8492.43, 4217.77],[8491.43, 4217.77],[8487.43, 4217.77],[8484.43, 4217.77],[8483.43, 4217.77],[8480.43, 4217.77],[8479.43, 4217.77],[8476.43, 4217.77],[8472.43, 4217.77],[8469.43, 4217.77],[8468.43, 4217.77],[8463.43, 4217.77],[8461.43, 4217.77],[8457.43, 4217.77],[8455.43, 4217.77],[8453.43, 4217.77],[8449.43, 4217.77],[8447.43, 4217.77],[8445.43, 4217.77],[8441.43, 4217.77],[8439.43, 4217.77],[8433.43, 4217.77],[8426.43, 4216.77],[8419.43, 4215.77],[8412.43, 4214.77],[8404.43, 4213.77],[8402.43, 4213.77],[8400.43, 4212.77],[8396.43, 4211.77],[8388.43, 4210.77],[8382.83, 4209.97],[8382.43, 4209.77],[8381.43, 4209.77],[8377.43, 4209.77],[8376.43, 4209.77],[8371.43, 4208.77],[8364.93, 4208.77],[8361.43, 4207.77],[8357.43, 4206.77],[8355.43, 4205.77],[8352.43, 4205.77],[8349.93, 4205.77],[8346.43, 4204.77],[8344.43, 4203.77],[8342.43, 4203.77],[8341.43, 4203.77],[8339.43, 4202.77],[8337.43, 4202.77],[8335.43, 4201.77],[8331.43, 4201.77],[8328.43, 4201.77],[8327.43, 4201.77],[8324.43, 4201.77],[8319.43, 4200.77],[8317.43, 4200.77],[8310.76, 4200.1],[8309.43, 4199.77],[8298.43, 4197.77],[8296.43, 4197.77],[8288.43, 4195.77],[8281.83, 4195.17],[8275.43, 4192.77],[8271.43, 4191.77],[8266.43, 4190.77],[8263.43, 4190.27],[8262.43, 4189.77],[8258.43, 4188.77],[8256.43, 4187.77],[8255.43, 4187.77],[8254.43, 4187.77],[8253.43, 4187.77],[8249.43, 4187.77],[8247.43, 4187.77],[8246.43, 4187.77],[8245.43, 4187.77],[8243.43, 4188.77],[8241.43, 4188.77],[8240.43, 4189.77],[8238.43, 4190.77],[8237.43, 4190.77],[8235.43, 4192.77],[8233.43, 4193.77],[8232.43, 4195.77],[8230.43, 4197.77],[8230.43, 4198.77],[8230.3, 4199.03],[8229.43, 4198.77],[8209.43, 4196.77],[8201.43, 4196.77],[8196.43, 4196.77],[8192.43, 4196.77],[8188.43, 4196.77],[8184.43, 4196.77],[8182.1, 4196.77],[8175.43, 4194.77],[8167.74, 4194],[8162.43, 4191.77],[8151.13, 4190.16],[8150.43, 4189.77],[8133.95, 4185.65],[8123.43, 4181.77],[8119.14, 4181.34],[8117.43, 4180.77],[8112.43, 4179.77],[8110.43, 4178.77],[8104.1, 4176.1],[8103.43, 4175.77],[8103, 4175.64],[8091.43, 4170.77],[8089.52, 4170.5],[8080.43, 4167.77],[8078.43, 4166.77],[8065.93, 4163.02],[8065.43, 4162.77],[8045.43, 4156.77],[8040.43, 4156.27],[8035.43, 4153.77],[8029.1, 4151.1],[8028.43, 4150.77],[8027.99, 4150.64],[8016.43, 4145.77],[8008.75, 4144.67],[7995.43, 4139.77],[7989.43, 4136.77],[7981.43, 4132.77],[7975.1, 4130.1],[7974.43, 4129.77],[7974, 4129.64],[7962.43, 4124.77],[7961.03, 4124.57],[7953.43, 4120.77],[7949.61, 4119.63],[7947.62, 4118.74],[7946.43, 4117.77],[7928.43, 4108.77],[7908.43, 4102.77],[7907.18, 4102.65],[7907.17, 4102.64],[7903.43, 4100.77],[7883.43, 4094.77],[7882.91, 4094.72],[7882.9, 4094.72],[7882.58, 4094.62],[7878.43, 4092.77],[7867.05, 4089.93],[7852.43, 4083.77],[7842.03, 4080.57],[7840.43, 4079.77],[7838.6, 4079.22],[7829.43, 4071.77],[7822.23, 4068.17],[7820.34, 4066.95],[7816.43, 4063.77],[7803.62, 4057.36],[7800.43, 4054.77],[7795.23, 4052.17],[7788.43, 4047.77],[7778.43, 4044.27],[7775.83, 4042.97],[7772.43, 4040.77],[7764.43, 4036.77],[7761.56, 4035.56],[7754.43, 4029.77],[7746.24, 4025.67],[7741.43, 4021.77],[7723.43, 4012.77],[7714.32, 4010.04],[7714.3, 4010.03],[7713.64, 4009.75],[7712.43, 4008.77],[7704.43, 4004.77],[7694.43, 3999.77],[7686.43, 3995.77],[7666.43, 3989.77],[7665.94, 3989.72],[7658.87, 3986.74],[7657.15, 3985.98],[7654.43, 3983.77],[7642.43, 3977.77],[7633.43, 3972.77],[7621.43, 3969.77],[7615.43, 3966.77],[7612.93, 3966.02],[7611.63, 3965.37],[7608.43, 3962.77],[7600.43, 3958.77],[7590.43, 3953.77],[7587.93, 3953.02],[7583.43, 3950.77],[7581.43, 3949.77],[7573.43, 3945.77],[7565.43, 3941.77],[7562.93, 3941.02],[7561.43, 3940.27],[7553.43, 3933.77],[7548.29, 3931.2],[7543.43, 3927.77],[7538.63, 3926],[7533.43, 3921.77],[7530.83, 3920.47],[7528.13, 3918.28],[7530.43, 3917.77],[7531.43, 3917.27],[7531.83, 3917.17],[7535.43, 3916.77],[7543.43, 3914.77],[7543.97, 3914.39],[7546.43, 3913.77],[7546.44, 3913.77],[7547.43, 3913.77],[7556.43, 3912.77],[7558.43, 3912.77],[7560.43, 3912.77],[7561.43, 3912.77],[7570.43, 3911.77],[7574.43, 3910.77],[7575.43, 3910.77],[7577.43, 3910.77],[7578.43, 3910.77],[7579.43, 3910.77],[7588.43, 3909.77],[7592.43, 3908.77],[7593.43, 3908.77],[7595.43, 3908.77],[7604.43, 3907.77],[7608.43, 3906.77],[7610.43, 3906.77],[7614.43, 3906.77],[7623.43, 3905.77],[7627.43, 3904.77],[7629.43, 3904.77],[7632.43, 3904.1],[7635.43, 3903.77],[7637.43, 3903.77],[7646.43, 3902.77],[7650.43, 3901.77],[7653.43, 3901.77],[7654.43, 3901.77],[7661.43, 3901.77],[7665.43, 3901.77],[7668.43, 3901.77],[7670.43, 3901.77],[7672.43, 3901.77],[7674.43, 3901.77],[7675.43, 3901.77],[7677.43, 3901.77],[7679.43, 3901.77],[7681.43, 3901.77],[7682.43, 3901.77],[7684.43, 3901.77],[7686.43, 3901.77],[7688.43, 3901.77],[7691.43, 3901.77],[7695.43, 3901.77],[7697.43, 3901.77],[7700.43, 3901.77],[7704.43, 3901.77],[7707.43, 3901.77],[7709.43, 3901.77],[7712.43, 3901.77],[7716.43, 3901.77],[7719.43, 3901.77],[7723.43, 3901.77],[7725.43, 3901.77],[7730.43, 3901.77],[7732.43, 3901.77],[7733.43, 3901.77],[7742.43, 3903.77],[7747.43, 3903.77],[7749.43, 3903.77],[7750.43, 3903.77],[7753.43, 3903.77],[7760.43, 3903.77],[7763.43, 3903.77],[7767.43, 3903.77],[7768.43, 3903.77],[7776.43, 3903.77],[7779.43, 3903.77],[7781.93, 3903.77],[7786.43, 3904.77],[7791.43, 3904.77],[7794.43, 3904.77],[7797.43, 3904.77],[7802.43, 3904.77],[7807.43, 3904.77],[7811.43, 3904.77],[7816.43, 3904.77],[7818.43, 3904.77],[7819.43, 3904.77],[7821.89, 3905.39],[7822.43, 3905.77],[7828.89, 3907.39],[7829.43, 3907.77],[7837.43, 3909.77],[7839.24, 3909.97],[7843.33, 3911],[7846.43, 3912.77],[7852.89, 3914.39],[7853.43, 3914.77],[7861.43, 3916.77],[7863.22, 3916.97],[7863.23, 3916.97],[7866.43, 3917.77],[7870.43, 3918.77],[7874.43, 3919.21],[7876.1, 3919.58],[7876.43, 3919.77],[7882.65, 3921.33],[7883.43, 3921.77],[7886.81, 3922.62],[7888.43, 3923.77],[7890.43, 3924.27],[7891.43, 3924.77],[7892.25, 3924.95],[7895.43, 3926.77],[7901.65, 3928.33],[7902.43, 3928.77],[7904.43, 3929.27],[7905.43, 3929.77],[7908.43, 3930.77],[7911.43, 3931.77],[7920.43, 3933.77],[7921.43, 3933.77],[7927.85, 3934.48],[7927.86, 3934.48],[7928.43, 3934.77],[7930.23, 3935.37],[7934.43, 3937.77],[7942.43, 3939.77],[7947.7, 3940.35],[7948.43, 3940.77],[7951.1, 3941.44],[7953.43, 3942.77],[7955.28, 3943.23],[7957.43, 3944.77],[7965.43, 3946.77],[7968.43, 3947.1],[7968.52, 3947.12],[7969.43, 3947.77],[7975.65, 3949.33],[7976.43, 3949.77],[7984.43, 3951.77],[7986.23, 3951.97],[7993.43, 3953.77],[7998.71, 3954.36],[7999.43, 3954.77],[8007.43, 3956.77],[8011.93, 3957.27],[8013.43, 3957.77],[8014.3, 3957.96],[8015.43, 3958.77],[8023.43, 3960.77],[8028.43, 3961.77],[8032.93, 3962.27],[8034.43, 3962.77],[8035.56, 3963.02],[8037.43, 3963.77],[8041.43, 3964.77],[8042.43, 3965.06],[8043.43, 3965.77],[8051.43, 3967.77],[8053.23, 3967.97],[8056.43, 3968.77],[8059.43, 3968.77],[8062.43, 3969.77],[8069.63, 3971.37],[8070.43, 3971.77],[8073.43, 3972.77],[8076.43, 3973.77],[8085.43, 3975.77],[8090.43, 3975.77],[8091.43, 3975.77],[8093.23, 3975.97],[8095.09, 3976.44],[8096.17, 3976.87],[8097.43, 3977.77],[8105.43, 3979.77],[8107.22, 3979.97],[8107.23, 3979.97],[8114.43, 3981.77],[8123.43, 3982.77],[8128.43, 3982.77],[8129.43, 3982.77],[8137.43, 3983.77],[8141.93, 3983.77],[8142.16, 3983.86],[8143.43, 3984.77],[8151.43, 3986.77],[8155.43, 3987.21],[8162.43, 3988.77],[8166.03, 3989.17],[8172.43, 3990.77],[8181.43, 3991.77],[8182.43, 3991.77],[8183.43, 3991.77],[8190.35, 3992.54],[8193.43, 3993.77],[8197.43, 3994.77],[8198.43, 3995.06],[8199.43, 3995.77],[8207.43, 3997.77],[8209.23, 3997.97],[8212.43, 3998.77],[8216.43, 3998.77],[8218.43, 3998.77],[8227.43, 3999.77],[8228.43, 3999.77],[8231.43, 3999.77],[8235.43, 4000.77],[8242.93, 4001.6],[8243.43, 4001.77],[8252.43, 4003.77],[8257.43, 4003.77],[8260.43, 4003.77],[8264.43, 4003.77],[8266.43, 4003.77],[8270.43, 4004.77],[8279.43, 4005.77],[8283.43, 4005.77],[8285.43, 4005.77],[8292.43, 4005.77],[8297.43, 4005.77],[8300.43, 4005.77],[8304.43, 4005.77],[8309.43, 4005.77],[8313.43, 4005.77],[8318.43, 4005.77],[8329.43, 4005.77],[8336.43, 4005.77],[8343.43, 4005.77],[8350.43, 4005.77],[8355.43, 4005.77],[8362.43, 4005.77],[8367.43, 4005.77],[8374.43, 4005.77],[8392.43, 4005.77],[8397.43, 4005.77],[8406.43, 4005.77],[8408.43, 4005.77],[8417.43, 4006.77],[8422.43, 4006.77],[8426.43, 4006.77],[8429.43, 4006.77],[8436.43, 4006.77],[8444.43, 4006.77],[8450.43, 4006.77],[8455.43, 4006.77],[8460.43, 4006.77],[8465.43, 4006.77],[8469.09, 4006.36],[8470.43, 4006.77],[8477.25, 4007.32],[8479.43, 4007.77],[8486.43, 4008.05],[8495.43, 4008.77],[8506.81, 4008.77],[8519.71, 4011.25],[8521.43, 4011.77],[8546.43, 4013.77],[8611.77, 4013.77],[8614.43, 4014.77],[8617.59, 4015.3],[8622.43, 4016.77],[8630.12, 4017.39],[8638.43, 4018.77],[8644.43, 4018.53],[8647.43, 4018.77],[8658.44, 4018.77],[8666.43, 4020.77],[8670.91, 4021.31],[8672.43, 4021.77],[8679.43, 4022.33],[8691.43, 4023.77],[8695.43, 4023.61],[8697.43, 4023.77],[8707.76, 4023.77],[8710.43, 4024.77],[8713.59, 4025.3],[8718.43, 4026.77],[8726.12, 4027.39],[8734.43, 4028.77],[8740.43, 4028.53],[8743.43, 4028.77],[8800.43, 4028.77],[8802.43, 4029.77],[8806.43, 4030.77],[8813.43, 4031.77],[8815.43, 4031.77],[8817.43, 4032.27],[8820.43, 4033.77],[8823.43, 4033.77],[8827.43, 4033.77],[8828.43, 4033.77],[8836.43, 4034.77],[8842.43, 4035.52],[8843.43, 4035.77],[8849.43, 4036.77],[8853.43, 4036.77],[8858.43, 4036.77],[8861.43, 4036.77],[8863.43, 4037.77],[8866.43, 4037.77],[8869.43, 4037.77],[8870.43, 4037.77],[8871.43, 4037.77],[8873.43, 4037.77],[8874.43, 4037.77],[8877.43, 4037.77],[8879.43, 4037.77],[8881.43, 4037.77],[8882.43, 4037.77],[8885.43, 4037.77],[8887.43, 4037.77],[8888.43, 4037.77],[8889.43, 4037.27],[8891.43, 4036.77],[8895.43, 4036.77],[8900.43, 4035.77],[8901.43, 4035.77],[8904.43, 4035.77],[8906.43, 4034.77],[8908.43, 4034.77],[8909.43, 4034.77],[8911.43, 4034.77],[8914.43, 4034.77],[8916.43, 4034.77],[8918.43, 4033.77],[8920.43, 4033.77],[8921.43, 4033.77],[8923.43, 4033.77],[8924.43, 4033.77],[8927.43, 4032.27],[8929.43, 4031.77],[8934.43, 4031.77],[8940.43, 4030.77],[8942.43, 4030.77],[8947.43, 4030.77],[8948.43, 4030.77],[8953.43, 4030.77],[8954.43, 4030.77],[8955.43, 4030.27],[8957.43, 4029.77],[8963.43, 4028.77],[8970.43, 4028.77],[8975.43, 4027.77],[8976.43, 4027.77],[8981.43, 4027.77],[8982.43, 4027.77],[8982.76, 4027.6],[8989.43, 4026.77],[8993.43, 4025.77],[8997.43, 4025.77],[9000.43, 4025.77],[9002.43, 4024.77],[9003.43, 4024.77],[9011.43, 4023.77],[9014.43, 4023.77],[9015.43, 4023.77],[9015.76, 4023.6],[9022.43, 4022.77],[9026.43, 4022.77],[9027.43, 4022.77],[9027.83, 4022.57],[9033.43, 4021.77],[9037.43, 4021.77],[9043.43, 4020.77],[9045.43, 4020.77],[9046.43, 4020.77],[9047.43, 4020.77],[9053.43, 4020.77],[9054.43, 4020.77],[9055.43, 4020.77],[9059.43, 4020.77],[9060.43, 4020.77],[9061.43, 4020.27],[9063.43, 4019.77],[9064.43, 4019.77],[9066.43, 4019.77],[9068.43, 4019.77],[9069.43, 4019.77],[9072.43, 4019.77],[9073.43, 4019.77],[9076.43, 4019.77],[9078.43, 4019.77],[9079.43, 4019.77],[9080.43, 4019.27],[9082.43, 4018.77],[9085.43, 4018.77],[9086.43, 4018.77],[9087.43, 4018.77],[9089.43, 4017.77],[9093.43, 4016.77],[9095.43, 4015.77],[9096.43, 4015.77],[9100.43, 4014.77],[9103.43, 4014.77],[9105.43, 4013.77],[9106.43, 4013.77],[9109.43, 4013.77],[9111.43, 4012.77],[9116.43, 4012.77],[9120.43, 4011.77],[9125.43, 4009.77],[9126.23, 4009.37],[9130.43, 4008.77],[9134.43, 4007.77],[9135.43, 4007.27],[9137.43, 4006.77],[9141.43, 4004.77],[9145.43, 4003.77],[9146.43, 4003.77],[9155.43, 4001.77],[9158.43, 4000.27],[9160.43, 3999.77],[9164.43, 3997.77],[9166.43, 3997.77],[9171.43, 3996.77],[9175.43, 3995.77],[9180.43, 3993.77],[9182.83, 3992.57],[9185.77, 3991.77],[9187.43, 3991.77],[9192.43, 3990.77],[9197.43, 3989.77],[9200.43, 3988.27],[9206.43, 3986.77],[9207.43, 3986.77],[9215.43, 3984.77],[9219.43, 3982.77],[9219.93, 3982.4],[9222.45, 3981.77],[9225.43, 3981.77],[9231.43, 3980.77],[9235.43, 3979.77],[9237.43, 3978.77],[9240.43, 3977.77],[9242.03, 3976.97],[9249.18, 3974.77],[9250.43, 3974.77],[9256.43, 3973.77],[9260.43, 3972.77],[9262.43, 3973.27],[9263.43, 3973.77],[9264.43, 3973.77],[9266.43, 3973.77],[9269.43, 3973.77],[9271.43, 3973.77],[9274.43, 3973.77],[9276.43, 3973.77],[9278.43, 3973.77],[9279.43, 3973.77],[9280.43, 3973.77],[9281.43, 3973.77],[9282.43, 3973.77],[9284.43, 3973.77],[9286.43, 3973.77],[9287.43, 3973.77],[9288.43, 3973.77],[9289.43, 3973.77],[9290.43, 3973.77],[9291.43, 3973.77],[9293.43, 3972.77],[9294.43, 3972.77],[9306.43, 3966.77],[9307.93, 3963.77],[9356.43, 3963.77],[9363.76, 3962.3],[9370.43, 3961.77],[9378.1, 3959.44],[9381.43, 3958.77],[9383.99, 3957.77],[9385.43, 3957.77],[9410.43, 3955.77],[9413.43, 3954.86],[9416.43, 3955.77],[9441.43, 3957.77],[9471.43, 3957.77],[9496.43, 3955.77],[9506.29, 3952.77],[9537.43, 3952.77],[9562.43, 3950.77],[9585.43, 3943.77],[9590.92, 3940.77],[9598.43, 3940.77],[9600.43, 3939.77],[9601.43, 3939.77],[9603.43, 3939.77],[9604.43, 3939.77],[9605.43, 3939.77],[9606.43, 3939.27],[9608.43, 3938.77],[9609.43, 3938.77],[9610.43, 3938.77],[9611.43, 3938.77],[9612.43, 3938.27],[9614.43, 3937.77],[9616.43, 3937.77],[9617.43, 3937.77],[9618.43, 3937.27],[9620.43, 3936.77],[9621.43, 3936.77],[9623.43, 3936.77],[9625.43, 3936.77],[9626.43, 3936.77],[9628.43, 3935.77],[9629.43, 3935.77],[9631.43, 3934.77],[9641.43, 3929.77],[9643.43, 3928.77],[9649.43, 3916.77],[9649.43, 3915.77],[9649.43, 3908.77],[9649.43, 3907.77],[9645.52, 3899.96],[9652.43, 3891.77],[9664.43, 3869.77],[9671.43, 3846.77],[9673.43, 3821.77],[9673.43, 3816.77],[9673.43, 3811.77],[9671.43, 3786.77],[9664.43, 3763.77],[9652.43, 3741.77],[9652.21, 3741.5],[9651.43, 3731.77],[9644.43, 3708.77],[9640.69, 3701.91],[9640.08, 3699.91],[9641.43, 3698.77],[9646.43, 3693.77],[9651.43, 3688.77],[9662.43, 3682.77],[9675.17, 3670.73],[9676.43, 3669.61],[9677.43, 3668.77],[9677.93, 3668.27],[9687.43, 3659.77],[9697.43, 3648.77],[9701.58, 3642.84],[9713.43, 3628.77],[9714.87, 3626.12],[9714.88, 3626.11],[9722.63, 3617.91],[9724.43, 3617.77],[9745.69, 3611.3],[9746.8, 3613.51],[9746.81, 3613.52],[9747.43, 3619.77],[9748.4, 3623],[9749.43, 3623.77],[9752.43, 3627.77],[9753.43, 3628.77],[9753.43, 3629.27],[9754.43, 3630.77],[9754.93, 3633.27],[9755.43, 3633.77],[9755.43, 3635.77],[9755.43, 3636.77],[9755.43, 3637.77],[9755.43, 3638.77],[9755.43, 3644.77],[9755.43, 3645.77],[9755.43, 3646.77],[9754.43, 3651.77],[9754.15, 3652.19],[9754.14, 3652.2],[9753.43, 3655.77],[9753.43, 3656.77],[9753.43, 3658.77],[9752.43, 3663.77],[9752.43, 3664.77],[9752.43, 3665.77],[9751.43, 3670.77],[9750.86, 3671.63],[9750.43, 3673.77],[9750.43, 3674.77],[9750.43, 3675.77],[9750.43, 3677.77],[9750.43, 3678.77],[9750.43, 3680.77],[9750.43, 3682.77],[9750.43, 3684.77],[9750.43, 3686.77],[9749.76, 3688.1],[9749.43, 3689.77],[9749.43, 3691.77],[9749.43, 3692.77],[9749.43, 3694.77],[9749.43, 3697.77],[9749.43, 3700.77],[9749.43, 3701.77],[9749.43, 3702.77],[9749.43, 3704.77],[9749.43, 3708.77],[9749.43, 3709.77],[9749.43, 3712.77],[9749.43, 3713.77],[9749.43, 3714.77],[9748.43, 3719.77],[9748.43, 3720.77],[9748.43, 3723.77],[9748.43, 3725.77],[9748.43, 3728.77],[9748.43, 3730.77],[9749.43, 3736.77],[9750.43, 3742.77],[9751.1, 3745.77],[9751.43, 3747.77],[9751.63, 3748.17],[9751.76, 3748.77],[9752.43, 3752.77],[9752.43, 3753.77],[9752.43, 3756.77],[9753.43, 3767.77],[9753.43, 3770.77],[9754.43, 3773.77],[9755.43, 3776.77],[9755.43, 3777.77],[9756.43, 3787.77],[9757.43, 3793.77],[9758.43, 3795.77],[9758.43, 3800.77],[9760.43, 3811.77],[9761.43, 3814.77],[9761.43, 3815.77],[9762.43, 3821.77],[9763.43, 3824.77],[9766.43, 3835.77],[9766.43, 3837.77],[9766.43, 3841.77],[9767.76, 3845.77],[9768.43, 3849.77],[9770.43, 3853.77],[9770.93, 3855.27],[9771.43, 3857.77],[9771.43, 3859.77],[9772.43, 3865.77],[9774.43, 3872.44],[9775.43, 3873.77],[9779.43, 3879.77],[9780.43, 3880.77],[9781.43, 3882.77],[9783.93, 3887.77],[9785.43, 3889.77],[9787.93, 3893.27],[9790.43, 3895.77],[9793.43, 3901.77],[9798.43, 3909.77],[9802.43, 3913.77],[9803.43, 3914.77],[9805.43, 3916.77],[9806.43, 3918.77],[9808.43, 3921.77],[9808.68, 3923.02],[9812.43, 3926.77],[9815.43, 3928.77],[9819.43, 3931.77],[9821.43, 3933.77],[9826.43, 3938.77],[9826.93, 3939.44],[9827.43, 3939.77],[9831.43, 3942.77],[9834.43, 3945.77],[9838.43, 3947.77],[9841.43, 3950.77],[9842.43, 3952.77],[9846.43, 3956.77],[9847.43, 3957.77],[9849.43, 3959.77],[9850.43, 3960.77],[9852.23, 3963.17],[9853.43, 3963.77],[9855.43, 3965.77],[9856.43, 3966.77],[9856.76, 3967.44],[9857.43, 3967.77],[9859.43, 3969.77],[9860.43, 3970.77],[9862.43, 3972.77],[9863.43, 3973.77],[9865.86, 3977.01],[9870.43, 3977.77],[9873.92, 3979.52],[9873.93, 3979.52],[9881.43, 3980.77],[9887.43, 3983.77],[9892.43, 3987.77],[9896.43, 3992.77],[9899.43, 3998.77],[9901.43, 4010.77],[9901.43, 4011.77],[9899.43, 4023.77],[9896.43, 4029.77],[9892.43, 4034.77],[9887.43, 4038.77],[9883.43, 4040.77],[9881.43, 4041.77],[9877.43, 4043.77],[9872.93, 4044.52],[9872.43, 4044.77],[9869.23, 4045.3],[9869.22, 4045.3],[9867.43, 4046.77],[9854.43, 4062.77],[9845.43, 4080.77],[9839.43, 4100.77],[9837.43, 4120.77],[9839.43, 4140.77],[9845.43, 4160.77],[9854.43, 4178.77],[9862.43, 4188.62],[9862.43, 4196.77],[9862.43, 4200.77],[9862.43, 4204.77],[9862.43, 4212.77],[9862.43, 4216.77],[9862.43, 4221.77],[9862.43, 4229.77],[9862.43, 4233.77],[9862.43, 4241.77],[9862.43, 4250.77],[9862.43, 4254.77],[9864.43, 4274.77],[9868.18, 4287.27],[9868.43, 4289.77],[9870.43, 4295.2],[9870.43, 4298.77],[9874.43, 4318.77],[9877.36, 4328.3],[9877.43, 4328.77],[9877.72, 4329.45],[9878.43, 4331.77],[9882.73, 4341.99],[9883.43, 4344.77],[9884.48, 4347.26],[9885.43, 4356.77],[9890.29, 4369.98],[9891.43, 4373.77],[9891.65, 4374.22],[9891.43, 4378.77],[9894.43, 4399.77],[9896.66, 4405.07],[9897.43, 4412.77],[9903.43, 4432.77],[9904.43, 4434.77],[9907.43, 4444.77],[9916.43, 4462.77],[9929.43, 4478.77],[9945.43, 4491.77],[9963.43, 4500.77],[9983.43, 4506.77],[10003.43, 4508.77],[10008.43, 4508.77],[10028.43, 4506.77],[10048.43, 4500.77],[10066.43, 4491.77],[10082.43, 4478.77],[10086.43, 4474.77],[10088.22, 4472.56],[10088.24, 4472.54],[10090.43, 4470.77],[10103.43, 4454.77],[10112.43, 4436.77],[10115.36, 4427.01],[10120.43, 4420.77],[10129.43, 4402.77],[10132.43, 4392.77],[10133.43, 4390.77],[10137.43, 4382.77],[10138.18, 4380.27],[10141.43, 4373.77],[10145.43, 4365.77],[10147.68, 4358.27],[10148.23, 4357.17],[10153.43, 4350.77],[10162.43, 4332.77],[10163.18, 4330.27],[10166.43, 4323.77],[10170.43, 4315.77],[10174.18, 4303.27],[10174.43, 4302.77],[10176, 4297.55],[10181.43, 4287.77],[10182.43, 4283.77],[10183.43, 4281.77],[10184.58, 4277.94],[10189.05, 4265.79],[10192.43, 4257.77],[10195.43, 4236.77],[10195.43, 4233.76],[10198.1, 4223.1],[10199.43, 4218.77],[10201.93, 4206.27],[10202.43, 4204.77],[10207.43, 4184.77],[10207.43, 4172.45],[10211.43, 4159.77],[10211.92, 4149.42],[10212.43, 4147.77],[10216.43, 4127.77],[10216.43, 4126.77],[10220.43, 4106.77],[10220.43, 4106.15],[10221.43, 4103.77],[10224.43, 4082.77],[10224.43, 4075.77],[10224.43, 4064.14],[10225.43, 4061.77],[10226.28, 4055.85],[10227.43, 4053.77],[10232.43, 4033.77],[10233.13, 4019.76],[10233.25, 4018.56],[10234.43, 4015.77],[10237.43, 3994.77],[10237.43, 3989.44],[10239.43, 3982.77],[10239.56, 3981.47],[10238.43, 3979.77],[10238.1, 3978.1],[10237.43, 3976.77],[10235.43, 3973.77],[10235.09, 3972.1],[10234.43, 3970.77],[10233.72, 3967.2],[10233.71, 3967.19],[10233.43, 3966.77],[10233, 3964.63],[10232.43, 3963.77],[10231.72, 3960.2],[10231.71, 3960.19],[10231.43, 3959.77],[10231.1, 3958.1],[10230.43, 3956.77],[10230.43, 3954.77],[10230.43, 3953.27],[10229.43, 3951.77],[10229.1, 3950.1],[10228.43, 3948.77],[10228.43, 3946.77],[10228.43, 3945.27],[10227.43, 3943.77],[10227.1, 3942.1],[10226.43, 3940.77],[10226.43, 3938.77],[10226.43, 3936.77],[10225.43, 3931.77],[10224.43, 3926.77],[10224.43, 3925.77],[10224.43, 3924.77],[10224.43, 3923.77],[10224.43, 3922.77],[10224.43, 3918.77],[10224.43, 3917.77],[10224.43, 3916.77],[10224.43, 3915.77],[10224.43, 3914.77],[10225.43, 3909.77],[10226.43, 3904.77],[10226.43, 3902.77],[10227.1, 3901.43],[10227.43, 3899.77],[10228, 3898.92],[10228.43, 3896.77],[10229, 3895.91],[10229.43, 3893.77],[10230.86, 3891.63],[10231.43, 3888.77],[10233.43, 3885.77],[10234.29, 3884.48],[10234.43, 3883.77],[10234.72, 3883.34],[10235.43, 3879.77],[10237.14, 3877.2],[10237.43, 3875.77],[10238.29, 3874.48],[10238.43, 3873.77],[10239.29, 3872.48],[10239.43, 3871.77],[10241.43, 3868.77],[10244.16, 3865.13],[10244.43, 3863.77],[10245.29, 3862.48],[10245.43, 3861.77],[10246.29, 3860.48],[10246.43, 3859.77],[10247, 3858.91],[10247.43, 3856.77],[10248.29, 3855.48],[10248.43, 3854.77],[10250.76, 3850.1],[10251.43, 3846.77],[10251.43, 3845.77],[10252.1, 3844.44],[10252.43, 3842.77],[10254.43, 3839.77],[10255.43, 3837.77],[10257.43, 3833.77],[10258.43, 3831.77],[10259.43, 3829.77],[10260.43, 3827.77],[10261.43, 3823.77],[10263.43, 3818.77],[10263.43, 3817.77],[10265.03, 3814.57],[10265.43, 3811.77],[10265.43, 3808.77],[10267.76, 3804.1],[10268.43, 3800.77],[10268.43, 3798.77],[10268.43, 3797.77],[10269.43, 3792.77],[10269.83, 3792.17],[10270.43, 3789.77],[10270.83, 3788.77],[10271.43, 3785.77],[10272.57, 3784.06],[10273.43, 3779.77],[10274.76, 3777.77],[10275.43, 3775.77],[10276.43, 3769.77],[10276.43, 3767.77],[10277.43, 3765.77],[10278.76, 3763.1],[10279.43, 3759.77],[10279.43, 3757.77],[10280.1, 3756.44],[10280.43, 3754.77],[10281.43, 3750.77],[10281.83, 3749.77],[10282.43, 3746.77],[10283.29, 3745.48],[10283.43, 3744.77],[10283.72, 3744.34],[10284.43, 3740.77],[10285.43, 3735.77],[10285.43, 3734.77],[10286.43, 3729.77],[10286.43, 3727.77],[10286.43, 3726.77],[10287.43, 3722.77],[10287.43, 3721.77],[10287.43, 3720.77],[10287.43, 3717.77],[10287.43, 3716.77],[10287.43, 3715.77],[10286.43, 3710.77],[10286.43, 3709.77],[10285.43, 3705.77],[10285.43, 3704.77],[10285.43, 3702.77],[10285.43, 3701.77],[10284.43, 3697.77],[10284.43, 3696.77],[10284.43, 3693.77],[10284.43, 3692.77],[10283.72, 3689.2],[10283.71, 3689.19],[10283.43, 3688.77],[10282.43, 3683.77],[10282.43, 3679.77],[10282.43, 3676.77],[10282.43, 3675.77],[10282.43, 3672.77],[10282.43, 3671.77],[10282.43, 3668.77],[10282.43, 3667.77],[10282.43, 3664.77],[10282.43, 3663.77],[10282.43, 3660.77],[10282.43, 3659.77],[10282.43, 3658.77],[10283.43, 3653.77],[10283.43, 3652.77],[10283.43, 3651.77],[10284.43, 3646.77],[10284.43, 3645.77],[10284.43, 3643.77],[10284.43, 3642.77],[10285.43, 3638.77],[10286.43, 3633.77],[10287.43, 3632.27],[10287.43, 3630.77],[10287.43, 3628.77],[10288.1, 3627.44],[10288.43, 3625.77],[10288.43, 3624.77],[10288.43, 3621.77],[10288.43, 3620.77],[10289.43, 3616.77],[10289.83, 3615.77],[10290.43, 3612.77],[10287.43, 3608.77],[10285.43, 3605.77],[10284.43, 3600.77],[10284.43, 3599.77],[10284.43, 3597.77],[10284.43, 3595.77],[10284.43, 3594.77],[10284.43, 3592.77],[10284.43, 3591.77],[10284.43, 3590.77],[10284.43, 3589.77],[10284.43, 3588.77],[10284.43, 3587.77],[10284.43, 3586.77],[10284.43, 3585.77],[10284.43, 3584.77],[10284.43, 3583.77],[10284.43, 3582.77],[10284.43, 3581.77],[10284.43, 3580.77],[10284.43, 3579.77],[10284.43, 3578.77],[10284.43, 3577.77],[10283.43, 3572.77],[10283.43, 3571.77],[10283.43, 3570.77],[10283.43, 3569.77],[10283.43, 3565.77],[10283.43, 3563.77],[10283.43, 3562.77],[10283.43, 3561.77],[10283.43, 3560.77],[10283.43, 3558.77],[10283.43, 3557.77],[10283.43, 3555.77],[10283.43, 3554.77],[10283.43, 3553.77],[10283.43, 3552.77],[10283.43, 3551.77],[10283.43, 3550.77],[10283.43, 3549.77],[10283.43, 3547.77],[10283.43, 3546.77],[10283.43, 3543.77],[10283.43, 3542.77],[10283.43, 3541.77],[10283.43, 3540.77],[10283.43, 3538.77],[10284.1, 3537.44],[10284.43, 3535.77],[10284.43, 3534.77],[10284.43, 3533.77],[10284.43, 3532.77],[10284.43, 3531.77],[10284.43, 3530.77],[10284.43, 3529.77],[10284.43, 3528.77],[10284.43, 3527.77],[10284.43, 3526.77],[10284.43, 3525.77],[10284.43, 3523.77],[10284.43, 3521.77],[10284.43, 3520.77],[10284.43, 3518.77],[10284.43, 3517.77],[10285.43, 3512.77],[10286.29, 3511.49],[10286.29, 3511.48],[10286.43, 3510.77],[10288.43, 3507.77],[10291.43, 3503.77],[10295.43, 3500.77],[10297.28, 3499.54],[10297.43, 3498.77],[10298.1, 3497.44],[10298.43, 3495.77],[10299.1, 3494.44],[10299.43, 3492.77],[10300.29, 3491.48],[10300.43, 3490.77],[10301.29, 3489.48],[10301.43, 3488.77],[10302.29, 3487.48],[10302.43, 3486.77],[10304.43, 3483.77],[10307.43, 3479.77],[10308.43, 3478.77],[10309.43, 3477.77],[10310.43, 3476.77],[10314.43, 3473.77],[10314.43, 3472.77],[10314.43, 3471.77],[10314.43, 3464.77],[10314.43, 3463.77],[10315.43, 3458.77],[10316.29, 3457.48],[10316.43, 3456.77],[10317.29, 3455.48],[10317.43, 3454.77],[10318.43, 3453.27],[10318.43, 3451.77],[10318.43, 3450.77],[10319.43, 3445.77],[10320.1, 3444.44],[10320.43, 3442.77],[10321.29, 3441.48],[10321.43, 3440.77],[10323.43, 3437.77],[10324.43, 3435.77],[10325.43, 3434.77],[10328.43, 3430.77],[10329.1, 3429.44],[10329.43, 3427.77],[10330.29, 3426.48],[10330.43, 3425.77],[10331.85, 3423.63],[10332.43, 3420.77],[10334.43, 3417.77],[10335.43, 3412.77],[10335.43, 3411.77],[10335.43, 3410.77],[10335.43, 3409.77],[10335.43, 3408.77],[10335.43, 3405.77],[10335.43, 3404.77],[10335.43, 3403.77],[10335.43, 3401.77],[10336.1, 3400.44],[10336.43, 3398.77],[10336.43, 3396.77],[10336.43, 3395.77],[10336.43, 3394.77],[10335.43, 3389.77],[10335.43, 3388.77],[10335.43, 3387.77],[10334.43, 3382.77],[10334.43, 3381.77],[10334.43, 3380.77],[10334.1, 3379.11],[10333.43, 3377.77],[10333.43, 3376.77],[10333.1, 3375.11],[10332.43, 3373.77],[10332.43, 3373.27],[10331.43, 3371.77],[10331.29, 3371.06],[10330.43, 3369.77],[10330.1, 3368.11],[10329.43, 3366.77],[10327.43, 3363.77],[10326.57, 3359.49],[10325.43, 3357.77],[10323.43, 3354.77],[10323, 3352.63],[10322.43, 3351.77],[10322.29, 3351.06],[10322.29, 3351.05],[10321.9, 3350.48],[10320.43, 3350.77],[10319.43, 3350.77],[10318.43, 3350.77],[10314.43, 3351.77],[10313.43, 3351.77],[10311.43, 3351.77],[10309.43, 3351.77],[10306.43, 3351.77],[10305.43, 3351.77],[10303.43, 3351.77],[10302.43, 3351.77],[10301.43, 3351.77],[10297.43, 3351.77],[10296.43, 3351.77],[10294.43, 3351.77],[10293.43, 3351.77],[10290.43, 3351.77],[10289.43, 3351.77],[10288.43, 3351.77],[10287.43, 3351.77],[10282.43, 3352.77],[10277.43, 3353.77],[10272.43, 3354.77],[10271.43, 3354.77],[10266.43, 3355.77],[10265.43, 3355.77],[10262.43, 3355.77],[10260.43, 3355.77],[10259.43, 3355.77],[10257.43, 3355.77],[10256.43, 3355.77],[10254.43, 3355.77],[10253.43, 3355.77],[10252.43, 3355.77],[10251.43, 3355.77],[10249.43, 3355.77],[10245.43, 3355.77],[10241.43, 3356.77],[10240.43, 3356.77],[10237.43, 3356.77],[10234.1, 3357.33],[10233.43, 3357.77],[10228.43, 3358.77],[10223.43, 3359.77],[10221.43, 3359.77],[10217.43, 3359.77],[10215.43, 3359.77],[10213.76, 3360.1],[10212.43, 3360.77],[10210.43, 3360.77],[10208.93, 3360.77],[10207.43, 3361.77],[10205.76, 3362.1],[10204.43, 3362.77],[10202.43, 3362.77],[10201.93, 3362.77],[10200.43, 3363.77],[10198.76, 3364.1],[10195.43, 3365.77],[10192.43, 3367.77],[10189.1, 3368.44],[10188.43, 3368.77],[10185.43, 3370.77],[10183.76, 3371.1],[10182.43, 3371.77],[10179.43, 3373.77],[10176.43, 3375.77],[10172.68, 3376.52],[10172.43, 3376.77],[10170.43, 3378.77],[10168.43, 3379.77],[10165.43, 3381.77],[10163.76, 3382.1],[10160.43, 3383.77],[10159.43, 3384.77],[10157.43, 3385.77],[10155.43, 3387.77],[10154.43, 3388.77],[10153.43, 3389.27],[10151.43, 3390.77],[10148.43, 3392.77],[10146.61, 3393.13],[10144.43, 3394.77],[10138.43, 3398.77],[10137.18, 3399.02],[10136.43, 3399.77],[10130.43, 3402.77],[10129.43, 3403.77],[10127.43, 3404.77],[10124.43, 3406.77],[10122.76, 3407.1],[10121.43, 3407.77],[10120.43, 3408.77],[10118.43, 3410.77],[10116.43, 3411.77],[10113.43, 3413.77],[10112.18, 3414.02],[10110.43, 3415.77],[10107.43, 3417.27],[10105.43, 3418.77],[10104.43, 3419.77],[10103.43, 3420.77],[10102.43, 3421.27],[10100.43, 3422.77],[10097.43, 3424.77],[10093.42, 3425.57],[10092.1, 3426.1],[10090.43, 3427.77],[10086.43, 3429.77],[10082.43, 3431.77],[10080.43, 3432.77],[10079.93, 3432.77],[10078.43, 3433.77],[10076.77, 3434.1],[10075.43, 3434.77],[10071.43, 3436.77],[10066.43, 3438.77],[10060.43, 3441.77],[10059.43, 3441.77],[10054.43, 3443.77],[10053.43, 3444.77],[10051.43, 3446.77],[10049.43, 3447.77],[10046.43, 3449.77],[10044.76, 3450.1],[10042.43, 3451.27],[10040.43, 3452.77],[10036.43, 3455.77],[10033.43, 3457.77],[10031.43, 3458.77],[10030.43, 3459.77],[10029.43, 3460.77],[10028.43, 3461.27],[10026.43, 3462.77],[10023.43, 3464.77],[10020.1, 3465.44],[10015.43, 3467.77],[10011.79, 3468.5],[10011.43, 3468.77],[10008.43, 3470.77],[10006.61, 3471.13],[10006.6, 3471.14],[10004.43, 3472.77],[10001.43, 3474.77],[10000.72, 3474.91],[9999.43, 3475.77],[9997.29, 3476.2],[9996.43, 3476.77],[9995, 3477.06],[9992.43, 3478.77],[9991, 3479.06],[9988.43, 3480.77],[9987, 3481.06],[9984.43, 3482.77],[9982.29, 3483.2],[9981.43, 3483.77],[9980, 3484.06],[9977.43, 3485.77],[9972.43, 3486.77],[9971.43, 3486.77],[9970.43, 3486.77],[9969.43, 3486.77],[9964.43, 3486.77],[9963.43, 3486.77],[9962.43, 3486.77],[9961.43, 3486.77],[9960.43, 3486.77],[9955.43, 3485.77],[9952.43, 3483.77],[9948.43, 3480.77],[9945.43, 3476.77],[9943.43, 3473.77],[9942.43, 3468.77],[9942.43, 3460.77],[9943.43, 3455.77],[9945.43, 3452.77],[9948.43, 3448.77],[9949.57, 3447.91],[9950.43, 3446.77],[9954.43, 3443.77],[9955.25, 3443.22],[9955.22, 3443.2],[9955.43, 3442.77],[9955.63, 3441.57],[9956.43, 3440.77],[9960.43, 3435.77],[9962.43, 3431.77],[9966.43, 3426.77],[9967.76, 3425.1],[9967.78, 3425.09],[9969.43, 3423.77],[9973.43, 3418.77],[9977.43, 3413.77],[9978.43, 3411.77],[9982.43, 3406.77],[9983.76, 3404.1],[9986.43, 3400.77],[9987.43, 3399.77],[9988.76, 3398.11],[9989.43, 3397.77],[9993, 3394.91],[9993.43, 3392.77],[9995.43, 3389.77],[9998.43, 3385.77],[9999.43, 3383.77],[10001.43, 3381.77],[10002.43, 3380.77],[10003.43, 3378.77],[10004.43, 3377.77],[10006.43, 3375.77],[10007.43, 3374.77],[10008, 3371.38],[10012.98, 3368.66],[10013.43, 3367.77],[10015.43, 3365.77],[10016.43, 3364.77],[10017.43, 3363.77],[10020.43, 3360.77],[10021.43, 3358.77],[10023.43, 3356.77],[10024.43, 3355.77],[10025.43, 3354.77],[10026.43, 3352.77],[10028.43, 3350.77],[10029.43, 3349.77],[10031.43, 3347.77],[10032.43, 3346.77],[10033.43, 3345.77],[10035.43, 3343.77],[10036.43, 3342.77],[10037.43, 3341.77],[10038.43, 3340.77],[10040.43, 3338.77],[10041.43, 3337.77],[10042.43, 3336.77],[10043.43, 3335.77],[10046.29, 3333.62],[10048.43, 3330.77],[10052.43, 3327.77],[10053.43, 3326.77],[10054.43, 3325.77],[10055.43, 3324.77],[10056, 3324.34],[10056.43, 3323.77],[10060.43, 3320.77],[10063.43, 3318.77],[10067.43, 3315.77],[10068.43, 3314.77],[10069.43, 3313.77],[10073.43, 3310.77],[10076.43, 3308.77],[10077.68, 3308.52],[10078.43, 3307.77],[10080.43, 3306.77],[10084.43, 3303.77],[10087.43, 3301.77],[10088.14, 3301.63],[10089.43, 3300.77],[10090.14, 3300.63],[10091.43, 3299.77],[10091.88, 3299.68],[10094.43, 3297.77],[10097.43, 3295.77],[10098.14, 3295.63],[10099.43, 3294.77],[10101.57, 3294.34],[10102.43, 3293.77],[10103.14, 3293.63],[10104.43, 3292.77],[10106.1, 3292.43],[10107.43, 3291.77],[10110.76, 3291.1],[10111.43, 3290.77],[10113.43, 3289.77],[10117.43, 3287.77],[10120.43, 3285.77],[10123.43, 3283.77],[10127.98, 3282.86],[10129.43, 3281.77],[10132.43, 3279.77],[10135.43, 3277.77],[10136.43, 3277.27],[10138.43, 3275.77],[10139.43, 3274.77],[10140.43, 3273.77],[10141.43, 3272.77],[10142.43, 3272.27],[10144.43, 3270.77],[10147.43, 3268.77],[10149.68, 3267.27],[10150.43, 3265.77],[10152.43, 3263.77],[10153.43, 3262.77],[10154.43, 3262.27],[10156.43, 3260.77],[10158.43, 3258.77],[10159.43, 3257.77],[10160.43, 3257.27],[10162.43, 3255.77],[10163.43, 3254.77],[10165.43, 3253.77],[10167.43, 3252.77],[10168.43, 3251.77],[10170.43, 3249.77],[10172.43, 3248.77],[10175.43, 3246.77],[10176.43, 3245.77],[10180.43, 3243.77],[10183.43, 3241.77],[10185.43, 3239.77],[10187.43, 3238.77],[10190.43, 3236.77],[10192.1, 3236.44],[10192.43, 3236.27],[10194.43, 3234.77],[10195.43, 3233.77],[10197.43, 3232.77],[10199.43, 3231.77],[10200.43, 3230.77],[10204.43, 3228.77],[10207.43, 3226.77],[10209.43, 3224.77],[10211.43, 3223.77],[10214.43, 3221.77],[10216.1, 3221.44],[10216.43, 3221.27],[10218.43, 3219.77],[10221.43, 3217.77],[10222.14, 3217.63],[10223.43, 3216.77],[10224.86, 3216.48],[10227.43, 3214.77],[10228.86, 3214.48],[10231.43, 3212.77],[10232.86, 3212.48],[10235.43, 3210.77],[10236.14, 3210.63],[10237.43, 3209.77],[10238.14, 3209.63],[10239.43, 3208.77],[10244.43, 3207.77],[10247.43, 3205.77],[10248.68, 3205.52],[10249.43, 3204.77],[10250.06, 3204.46],[10251.43, 3201.94],[10251.43, 3201.77],[10251.43, 3200.77],[10251.43, 3199.77],[10251.43, 3198.77],[10251.43, 3197.77],[10251.43, 3196.77],[10252.43, 3191.77],[10252.71, 3191.35],[10252.72, 3191.34],[10253.43, 3187.77],[10254.29, 3186.49],[10254.29, 3186.48],[10254.43, 3185.77],[10255.29, 3184.49],[10255.29, 3184.48],[10255.43, 3183.77],[10257.43, 3180.77],[10260.43, 3176.77],[10261.29, 3175.48],[10261.43, 3174.77],[10262, 3173.91],[10262.43, 3171.77],[10264.43, 3168.77],[10265.93, 3166.77],[10266.43, 3165.77],[10267.43, 3164.77],[10268.43, 3163.77],[10269, 3162.91],[10269.43, 3160.77],[10271.43, 3157.77],[10272.25, 3156.68],[10272.43, 3155.77],[10274.43, 3152.77],[10275.43, 3147.77],[10276.43, 3146.27],[10276.43, 3145.77],[10277.43, 3141.77],[10278.43, 3136.77],[10278.43, 3135.77],[10278.43, 3133.77],[10279.1, 3132.44],[10279.43, 3130.77],[10280.43, 3129.27],[10280.43, 3128.77],[10280.43, 3126.77],[10281.43, 3121.77],[10281.64, 3120.72],[10281.64, 3120.71],[10279.43, 3117.77],[10277.43, 3114.77],[10276.43, 3109.77],[10276.43, 3108.77],[10275.43, 3103.77],[10275.43, 3102.77],[10274.43, 3097.77],[10274.43, 3096.77],[10274.43, 3095.77],[10274.43, 3094.77],[10274.43, 3093.77],[10274.43, 3092.77],[10274.43, 3091.77],[10274.43, 3090.77],[10274.43, 3089.77],[10274.43, 3088.77],[10274.43, 3087.77],[10274.43, 3086.77],[10274.43, 3085.77],[10274.43, 3084.77],[10274.43, 3083.77],[10274.43, 3082.77],[10274.43, 3081.77],[10274.43, 3080.77],[10274.43, 3079.77],[10274.43, 3077.77],[10274.43, 3076.77],[10274.43, 3075.77],[10274.43, 3073.77],[10274.43, 3072.77],[10274.43, 3071.77],[10274.43, 3070.77],[10274.43, 3068.77],[10275.1, 3067.44],[10275.43, 3065.77],[10275.72, 3065.34],[10276.43, 3061.77],[10276.89, 3061.08],[10276.43, 3058.77],[10276.29, 3058.06],[10275.43, 3056.77],[10273.43, 3053.77],[10273, 3051.63],[10272.43, 3050.77],[10272, 3048.63],[10271.43, 3047.77],[10271.29, 3047.06],[10270.43, 3045.77],[10270.29, 3045.06],[10269.43, 3043.77],[10269.1, 3042.1],[10268.43, 3040.77],[10268.43, 3038.77],[10268.43, 3037.77],[10268.43, 3036.77],[10268.43, 3035.77],[10267.43, 3030.77],[10267.43, 3029.77],[10266.43, 3024.77],[10265.72, 3021.21],[10265.72, 3021.2],[10265.43, 3020.77],[10264.43, 3015.77],[10263.57, 3011.48],[10262.43, 3009.77],[10261.72, 3006.2],[10261.43, 3005.77],[10261.1, 3004.1],[10260.43, 3002.77],[10260.43, 3000.77],[10260.43, 2999.77],[10259.43, 2994.77],[10259.43, 2993.27],[10258.43, 2991.77],[10258.1, 2990.1],[10257.43, 2988.77],[10257.43, 2987.77],[10256.72, 2984.2],[10256.43, 2983.77],[10256.1, 2982.1],[10255.43, 2980.77],[10255.43, 2979.77],[10255.1, 2978.1],[10254.43, 2976.77],[10254.43, 2974.77],[10253.43, 2969.77],[10253.43, 2968.77],[10252.43, 2963.77],[10251.43, 2958.77],[10251.43, 2957.77],[10251.43, 2957.27],[10249.43, 2955.77],[10246.43, 2951.77],[10244.43, 2948.77],[10243.57, 2944.49],[10242.43, 2942.77],[10241.57, 2938.49],[10240.43, 2936.77],[10239.43, 2931.77],[10239.43, 2930.77],[10239.14, 2929.34],[10237.43, 2926.77],[10236.72, 2923.2],[10236.71, 2923.19],[10236.43, 2922.77],[10235.43, 2917.77],[10234.43, 2912.77],[10234.43, 2911.77],[10234.1, 2910.11],[10233.43, 2908.77],[10233.43, 2907.77],[10233.1, 2906.1],[10232.43, 2904.77],[10232.43, 2902.77],[10232.43, 2901.27],[10231.43, 2899.77],[10231.09, 2898.1],[10230.43, 2896.77],[10229.43, 2891.77],[10229.43, 2889.77],[10229.43, 2887.77],[10229.43, 2885.77],[10229.43, 2883.77],[10229.43, 2882.77],[10228.43, 2877.77],[10228.43, 2876.77],[10228.43, 2873.77],[10228.1, 2872.1],[10227.43, 2870.77],[10227.43, 2868.77],[10227.43, 2866.77],[10227.43, 2863.77],[10227.1, 2862.1],[10226.43, 2860.77],[10226.43, 2858.77],[10226.43, 2857.77],[10226.43, 2856.77],[10226.43, 2854.77],[10226.43, 2851.77],[10226.1, 2850.1],[10225.43, 2848.77],[10225.43, 2847.77],[10224.43, 2842.77],[10224.43, 2841.77],[10224.43, 2839.77],[10223.72, 2836.2],[10223.43, 2835.77],[10222.43, 2830.77],[10222.43, 2829.77],[10222.1, 2828.1],[10221.43, 2826.77],[10221.43, 2824.77],[10221.43, 2822.77],[10221.43, 2819.77],[10221.43, 2817.77],[10221.43, 2816.77],[10221.43, 2815.77],[10221.43, 2814.77],[10221.43, 2813.77],[10221.43, 2811.77],[10221.43, 2810.77],[10221.43, 2809.77],[10221.43, 2808.77],[10221.43, 2807.77],[10221.43, 2805.77],[10221.43, 2803.77],[10221.43, 2801.77],[10221.43, 2800.77],[10222.43, 2795.77],[10222.43, 2793.77],[10222.43, 2792.77],[10222.43, 2791.77],[10222.43, 2790.77],[10222.43, 2789.77],[10222.43, 2788.77],[10222.43, 2787.77],[10222.43, 2785.77],[10222.43, 2784.77],[10222.43, 2783.77],[10222.43, 2782.77],[10222.43, 2781.77],[10222.43, 2780.77],[10222.43, 2779.77],[10223.43, 2774.77],[10223.71, 2774.35],[10223.72, 2774.34],[10224.43, 2770.77],[10226.43, 2767.77],[10229.43, 2763.77],[10230, 2763.34],[10230.43, 2762.77],[10231, 2762.34],[10231.43, 2761.77],[10232, 2761.34],[10232.43, 2760.77],[10233.43, 2759.77],[10234.43, 2758.77],[10235.43, 2757.77],[10236.43, 2756.77],[10238.43, 2754.77],[10239.43, 2753.77],[10240.43, 2751.77],[10241.43, 2750.77],[10244.43, 2746.77],[10245, 2746.34],[10245.43, 2745.77],[10249.43, 2742.77],[10252.43, 2740.77],[10253.97, 2740.46],[10254.43, 2739.77],[10256.43, 2736.77],[10257.43, 2734.77],[10258.43, 2733.77],[10259.93, 2731.77],[10260.43, 2730.77],[10262.43, 2727.77],[10265.43, 2723.77],[10267.43, 2721.77],[10268.09, 2721.28],[10268.43, 2720.77],[10271.43, 2716.77],[10272.43, 2714.77],[10275.43, 2711.77],[10277.61, 2708.86],[10278.43, 2704.77],[10280.43, 2701.77],[10280.8, 2701.27],[10281.43, 2698.77],[10281.43, 2697.77],[10283.43, 2693.77],[10283.93, 2692.77],[10284.43, 2690.77],[10285.1, 2689.1],[10285.43, 2687.77],[10287.03, 2683.77],[10287.43, 2681.77],[10289.43, 2678.77],[10291.43, 2675.77],[10292.43, 2673.77],[10293.43, 2669.77],[10294.43, 2665.77],[10294.43, 2664.77],[10296.43, 2660.77],[10297.43, 2655.77],[10298.43, 2654.27],[10298.43, 2652.77],[10299.93, 2649.77],[10300.43, 2646.77],[10300.43, 2645.77],[10301.43, 2641.77],[10301.43, 2639.77],[10302.43, 2634.77],[10303.43, 2633.27],[10303.76, 2632.44],[10304.43, 2629.77],[10305.43, 2625.77],[10305.87, 2624.66],[10306.43, 2620.77],[10306.43, 2617.77],[10306.43, 2616.77],[10307.43, 2612.77],[10307.83, 2611.77],[10308.43, 2608.77],[10308.43, 2607.77],[10309.43, 2603.77],[10309.83, 2602.77],[10310.43, 2599.77],[10311.43, 2594.77],[10312.43, 2593.27],[10313.03, 2591.77],[10313.43, 2589.77],[10314.43, 2584.77],[10315.43, 2583.27],[10315.63, 2582.77],[10316.43, 2578.77],[10316.43, 2577.77],[10317.43, 2573.77],[10317.83, 2572.77],[10318.43, 2569.77],[10318.43, 2568.77],[10318.43, 2566.77],[10319.1, 2565.44],[10319.43, 2563.77],[10320.43, 2562.27],[10320.43, 2560.77],[10321.1, 2559.44],[10321.43, 2557.77],[10321.43, 2556.77],[10322.1, 2555.43],[10322.43, 2553.77],[10322.71, 2553.35],[10322.72, 2553.34],[10323.43, 2549.77],[10323.53, 2549.27],[10323.43, 2548.77],[10323.43, 2546.77],[10322.43, 2541.77],[10322.43, 2537.77],[10322.43, 2535.77],[10322.43, 2534.77],[10322.43, 2533.77],[10322.43, 2532.77],[10322.43, 2531.77],[10322.43, 2530.77],[10322.43, 2529.77],[10322.43, 2528.77],[10322.43, 2527.77],[10322.43, 2526.77],[10322.43, 2525.77],[10322.43, 2524.77],[10322.43, 2522.77],[10322.43, 2521.77],[10322.43, 2520.77],[10322.43, 2519.77],[10323.43, 2514.77],[10325.43, 2511.77],[10328.43, 2507.77],[10332.43, 2504.77],[10335.43, 2502.77],[10340.43, 2501.77],[10345.43, 2501.77],[10346.14, 2501.63],[10347.43, 2500.77],[10349.58, 2500.34],[10350.43, 2499.77],[10352.09, 2499.44],[10353.43, 2498.77],[10354.93, 2498.77],[10356.43, 2497.77],[10361.43, 2496.77],[10362.43, 2496.77],[10364.57, 2496.34],[10365.43, 2495.77],[10369, 2495.06],[10369.43, 2494.77],[10371.58, 2494.34],[10372.43, 2493.77],[10374.09, 2493.44],[10375.43, 2492.77],[10377.43, 2492.77],[10381.43, 2491.77],[10386.43, 2490.77],[10388.43, 2490.77],[10389.43, 2490.77],[10391.43, 2490.77],[10393.1, 2490.44],[10394.43, 2489.77],[10396.43, 2489.77],[10398.1, 2489.44],[10399.43, 2488.77],[10401.43, 2488.77],[10402.43, 2488.77],[10406.43, 2487.77],[10407.43, 2487.77],[10409.57, 2487.34],[10410.43, 2486.77],[10415.43, 2485.77],[10416.43, 2485.77],[10418.1, 2485.44],[10419.43, 2484.77],[10421.43, 2484.77],[10424.43, 2484.77],[10426.43, 2484.77],[10428.43, 2484.77],[10430.43, 2484.77],[10432.43, 2484.77],[10434.43, 2484.77],[10436.43, 2484.77],[10437.43, 2484.77],[10438.43, 2484.77],[10443.43, 2483.77],[10444.43, 2483.77],[10446.43, 2483.77],[10451.43, 2483.77],[10452.43, 2483.77],[10453.43, 2483.77],[10454.43, 2483.77],[10456.1, 2483.44],[10457.43, 2482.77],[10459.43, 2482.77],[10461.1, 2482.44],[10462.43, 2481.77],[10464.43, 2481.77],[10466.43, 2481.77],[10469.43, 2481.77],[10471.43, 2481.77],[10474.43, 2481.77],[10477.43, 2481.77],[10478.43, 2481.77],[10479.43, 2481.77],[10480.43, 2481.77],[10482.43, 2481.77],[10484.43, 2481.77],[10486.43, 2481.77],[10488.43, 2481.77],[10490.43, 2481.77],[10492.43, 2481.77],[10494.43, 2481.77],[10498.43, 2481.77],[10501.43, 2481.77],[10503.43, 2481.77],[10504.76, 2482.44],[10506.43, 2482.77],[10507.43, 2482.77],[10511.43, 2483.77],[10512.43, 2483.77],[10513.43, 2483.77],[10517.43, 2484.77],[10519.93, 2485.77],[10520.43, 2485.77],[10524.43, 2486.77],[10526.43, 2486.77],[10527.43, 2486.77],[10532.43, 2487.77],[10533.43, 2487.77],[10534.43, 2487.77],[10537.21, 2488.33],[10539.43, 2487.77],[10540.43, 2487.77],[10547.43, 2487.77],[10549.43, 2487.77],[10554.43, 2486.77],[10555.43, 2486.77],[10559.43, 2486.77],[10563.43, 2486.77],[10564.43, 2486.77],[10567.43, 2486.77],[10568.43, 2486.77],[10571.43, 2486.77],[10572.43, 2486.77],[10576.43, 2486.77],[10580.43, 2486.77],[10580.92, 2486.77],[10584.6, 2486.1],[10585.43, 2485.77],[10593.43, 2483.77],[10596.43, 2483.77],[10608.43, 2482.77],[10618.18, 2482.02],[10619.43, 2481.77],[10621.43, 2481.77],[10626.43, 2481.77],[10635.43, 2481.77],[10643.43, 2481.77],[10647.43, 2481.77],[10650.76, 2481.21],[10651.43, 2480.77],[10657.86, 2479.48],[10660.43, 2477.77],[10662.1, 2477.44],[10663.43, 2476.77],[10665.43, 2476.77],[10669.42, 2476.77],[10670.86, 2476.48],[10673.43, 2474.77],[10675.1, 2474.44],[10676.43, 2473.77],[10678.43, 2473.77],[10683.43, 2473.77],[10685.43, 2473.77],[10686.93, 2473.77],[10689.43, 2472.77],[10690.23, 2472.57],[10691.43, 2471.77],[10699.76, 2470.1],[10700.43, 2469.77],[10705.43, 2467.77],[10706.23, 2467.57],[10707.43, 2466.77],[10715.76, 2465.1],[10719.43, 2463.27],[10721.43, 2461.77],[10724.43, 2459.77],[10726.43, 2459.37],[10727.93, 2458.77],[10729.43, 2457.77],[10734.43, 2456.77],[10736.43, 2456.77],[10738.43, 2455.77],[10739.93, 2455.77],[10742.43, 2454.77],[10744.43, 2454.27],[10746.43, 2452.77],[10749.43, 2450.77],[10754.43, 2449.77],[10756.57, 2449.34],[10757.43, 2448.77],[10759.43, 2448.37],[10763.43, 2446.77],[10766.43, 2444.77],[10769.43, 2444.17],[10770.43, 2443.77],[10772.43, 2443.27],[10773.43, 2442.77],[10776.43, 2440.77],[10778.1, 2440.44],[10779.43, 2439.77],[10781.43, 2439.77],[10784.43, 2439.77],[10785.43, 2439.27],[10787.43, 2437.77],[10790.43, 2435.77],[10792.57, 2435.34],[10793.43, 2434.77],[10794.14, 2434.63],[10795.43, 2433.77],[10797.57, 2433.34],[10798.43, 2432.77],[10802.97, 2431.86],[10804.43, 2430.77],[10807.43, 2428.77],[10808.14, 2428.63],[10809.43, 2427.77],[10810.14, 2427.63],[10811.43, 2426.77],[10812.86, 2426.48],[10815.43, 2424.77],[10819, 2424.06],[10819.01, 2424.05],[10819.43, 2423.77],[10819.55, 2423.75],[10822.26, 2418.62],[10828.43, 2416.77],[10837.43, 2411.77],[10838.4, 2411.12],[10838.43, 2411.1],[10838.54, 2411.04],[10838.55, 2411.03],[10839.43, 2410.77],[10843.34, 2408.6],[10849.43, 2406.77],[10851.38, 2405.68],[10851.39, 2405.68],[10854.43, 2404.77],[10857.55, 2403.03],[10857.56, 2403.03],[10858.43, 2402.77],[10867.43, 2397.77],[10869.17, 2396.25],[10870.44, 2395.87],[10871.43, 2395.77],[10872.82, 2395.15],[10877.43, 2393.77],[10878.3, 2393.38],[10884.43, 2392.77],[10894.43, 2389.77],[10895.21, 2389.34],[10900.43, 2387.77],[10903.56, 2386.03],[10903.57, 2386.03],[10904.43, 2385.77],[10913.43, 2380.77],[10915.52, 2378.94],[10919.43, 2376.77],[10925.7, 2371.29],[10928.43, 2369.77],[10930.52, 2367.94],[10934.43, 2365.77],[10935.47, 2364.86],[10937.43, 2363.77],[10939.43, 2361.77],[10942.43, 2359.77],[10946.43, 2356.27],[10948.43, 2354.77],[10950.43, 2352.77],[10952.43, 2350.77],[10953.18, 2350.02],[10955.43, 2348.77],[10956.47, 2347.86],[10958.43, 2346.77],[10961.18, 2344.02],[10963.43, 2342.77],[10964.43, 2342.1],[10970.43, 2338.77],[10978.43, 2331.77],[10985.04, 2325.99],[10985.43, 2325.77],[10993.43, 2318.77],[10994.33, 2317.73],[10994.36, 2317.7],[10995.43, 2316.77],[11002.43, 2308.77],[11004.6, 2304.86],[11006.43, 2302.77],[11010.13, 2296.12],[11010.43, 2295.77],[11012.1, 2292.77],[11013.43, 2290.77],[11013.76, 2289.77],[11015.43, 2286.77],[11018.43, 2276.77],[11023.13, 2274.16],[11024.43, 2273.77],[11026.18, 2272.8],[11026.43, 2272.77],[11032.93, 2270.82],[11033.43, 2270.77],[11043.43, 2267.77],[11049.43, 2264.44],[11051.43, 2263.77],[11054.43, 2262.77],[11055.12, 2262.46],[11057.43, 2261.77],[11060.43, 2260.1],[11063.43, 2258.77],[11065.14, 2257.48],[11066.43, 2256.77],[11075.43, 2250.77],[11076.47, 2249.86],[11078.43, 2248.77],[11079.54, 2247.94],[11079.58, 2247.92],[11083.43, 2246.77],[11092.43, 2241.77],[11095.63, 2238.97],[11097.43, 2237.77],[11100.43, 2235.77],[11106.43, 2231.77],[11109.21, 2229.34],[11117.43, 2224.77],[11125.43, 2217.77],[11126.43, 2216.77],[11127.1, 2216.1],[11134.43, 2210.77],[11137.43, 2208.77],[11140.43, 2206.27],[11142.43, 2204.77],[11142.68, 2204.4],[11143.43, 2203.77],[11146.43, 2200.77],[11148.1, 2199.1],[11150.43, 2197.77],[11152.14, 2196.48],[11153.43, 2195.77],[11159.43, 2191.77],[11160.47, 2190.86],[11162.43, 2189.77],[11167.43, 2184.77],[11167.68, 2184.52],[11168, 2184.34],[11169.43, 2183.77],[11171.43, 2182.44],[11174.43, 2180.77],[11176.03, 2179.37],[11178.43, 2177.77],[11182.43, 2173.77],[11184.92, 2171.28],[11189.43, 2168.77],[11192.69, 2165.51],[11199.43, 2161.77],[11202.43, 2159.77],[11205.43, 2157.77],[11211.43, 2153.77],[11211.78, 2153.46],[11212.56, 2153.03],[11213.43, 2152.77],[11222.43, 2147.77],[11223.46, 2146.86],[11224.27, 2146.42],[11226.43, 2145.77],[11229, 2144.34],[11230.43, 2143.77],[11232.43, 2142.44],[11235.43, 2140.77],[11236.82, 2139.55],[11245.43, 2134.77],[11246.13, 2134.16],[11247.43, 2133.77],[11256.43, 2128.77],[11264.43, 2121.77],[11264.44, 2121.76],[11266.43, 2120.77],[11267.43, 2120.21],[11268.43, 2119.77],[11273.32, 2117.1],[11274.43, 2116.77],[11283.43, 2111.77],[11286.64, 2108.97],[11288.43, 2107.77],[11289.18, 2107.02],[11291.43, 2105.77],[11292.47, 2104.86],[11294.43, 2103.77],[11299.43, 2098.77],[11302.43, 2095.77],[11303.44, 2094.76],[11304.43, 2094.1],[11310.43, 2090.77],[11311.47, 2089.86],[11313.43, 2088.77],[11318.43, 2083.77],[11321.18, 2081.02],[11323.43, 2079.77],[11324.47, 2078.86],[11326.43, 2077.77],[11331.43, 2072.77],[11334.43, 2069.77],[11335.43, 2068.77],[11338.43, 2065.77],[11341.43, 2062.77],[11343.43, 2060.77],[11345.14, 2059.48],[11346.43, 2058.77],[11348.43, 2057.02],[11351.43, 2054.77],[11354.43, 2051.77],[11356.17, 2050.03],[11358.43, 2048.77],[11360.03, 2047.37],[11362.43, 2045.77],[11367.43, 2041.77],[11371.43, 2037.77],[11373.43, 2035.77],[11374.47, 2034.86],[11376.43, 2033.77],[11377.92, 2032.28],[11379.68, 2031.3],[11381.43, 2030.77],[11384.56, 2029.03],[11385.43, 2028.77],[11394.43, 2023.77],[11395.48, 2022.85],[11397.43, 2021.77],[11399.17, 2020.03],[11401.43, 2018.77],[11407.43, 2014.77],[11416.43, 2010.77],[11419.23, 2009.17],[11420.43, 2008.77],[11429.43, 2004.77],[11434.43, 2001.02],[11436.43, 1999.77],[11447.43, 1990.77],[11449.43, 1988.77],[11454.43, 1985.77],[11456.93, 1984.27],[11461.43, 1981.77],[11465.43, 1978.27],[11467.43, 1976.77],[11468.36, 1975.7],[11469.43, 1974.77],[11469.69, 1974.51],[11476.43, 1970.77],[11478.51, 1968.95],[11482.43, 1967.77],[11484.8, 1966.45],[11485.43, 1966.77],[11495.43, 1968.77],[11505.43, 1968.77],[11515.43, 1967.77],[11525.1, 1963.9],[11526.43, 1963.77],[11532.43, 1961.97],[11533.43, 1961.77],[11534.12, 1961.46],[11536.43, 1960.77],[11539.43, 1959.1],[11542.43, 1957.77],[11542.8, 1957.56],[11545.43, 1956.77],[11551.3, 1953.51],[11560.43, 1950.77],[11563.56, 1949.03],[11563.57, 1949.03],[11564.43, 1948.77],[11567.56, 1947.03],[11568.43, 1946.77],[11577.43, 1941.77],[11578.48, 1940.85],[11580.43, 1939.77],[11580.94, 1939.26],[11581.5, 1938.95],[11581.51, 1938.95],[11585.43, 1937.77],[11588.56, 1936.03],[11589.43, 1935.77],[11597.64, 1931.21],[11602.43, 1929.77],[11611.43, 1924.77],[11612.82, 1923.55],[11612.83, 1923.54],[11621.43, 1918.77],[11624.56, 1917.03],[11624.57, 1917.03],[11625.43, 1916.77],[11626.21, 1916.34],[11631.43, 1914.77],[11634.17, 1913.25],[11642.43, 1910.77],[11643.81, 1910.15],[11648.43, 1908.77],[11657.43, 1903.77],[11662.43, 1901.77],[11664.39, 1900.68],[11667.43, 1899.77],[11669.18, 1898.8],[11669.43, 1898.77],[11675.93, 1896.82],[11676.43, 1896.77],[11679.43, 1895.87],[11680.43, 1895.77],[11681.84, 1895.15],[11682.41, 1894.98],[11684.43, 1894.77],[11687.43, 1893.87],[11688.43, 1893.77],[11689.81, 1893.16],[11694.43, 1891.77],[11695.98, 1890.91],[11697.43, 1890.77],[11707.43, 1887.77],[11710.94, 1885.82],[11711.43, 1885.77],[11712.82, 1885.15],[11717.43, 1883.77],[11718.21, 1883.34],[11723.43, 1881.77],[11724.61, 1881.12],[11725.43, 1880.87],[11726.43, 1880.77],[11727.82, 1880.15],[11732.43, 1878.77],[11733.52, 1878.16],[11737.43, 1877.77],[11740.43, 1876.87],[11741.43, 1876.77],[11742.82, 1876.15],[11747.43, 1874.77],[11747.65, 1874.65],[11756.43, 1873.77],[11759.43, 1872.87],[11760.43, 1872.77],[11761.84, 1872.15],[11762.41, 1871.98],[11764.43, 1871.77],[11767.76, 1870.77],[11769.43, 1870.77],[11779.43, 1869.77],[11782.43, 1868.87],[11783.43, 1868.77],[11784.81, 1868.15],[11789.43, 1866.77],[11789.65, 1866.65],[11798.43, 1865.77],[11808.43, 1862.77],[11810.23, 1861.77],[11811.43, 1861.77],[11821.43, 1860.77],[11824.43, 1859.87],[11825.43, 1859.77],[11826.81, 1859.15],[11831.43, 1857.77],[11836.71, 1854.84],[11837.43, 1854.77],[11847.43, 1851.77],[11848.97, 1850.92],[11850.43, 1850.77],[11860.43, 1847.77],[11863.56, 1846.03],[11863.57, 1846.03],[11864.43, 1845.77],[11865.97, 1844.92],[11867.43, 1844.77],[11877.43, 1841.77],[11882.13, 1839.16],[11883.43, 1838.77],[11886.56, 1837.03],[11886.57, 1837.03],[11887.43, 1836.77],[11889.39, 1835.68],[11892.43, 1834.77],[11893.21, 1834.34],[11893.43, 1834.27],[11898.43, 1833.77],[11903.93, 1832.12],[11907.43, 1831.77],[11917.43, 1828.77],[11918.3, 1828.38],[11924.43, 1827.77],[11934.43, 1824.77],[11935.21, 1824.34],[11935.43, 1824.27],[11940.43, 1823.77],[11950.43, 1820.77],[11951.61, 1820.12],[11952.43, 1819.87],[11953.43, 1819.77],[11954.01, 1819.51],[11961.43, 1818.77],[11964.93, 1817.72],[11974.43, 1816.77],[11977.43, 1815.87],[11978.43, 1815.77],[11981.43, 1815.77],[11991.43, 1814.77],[11994.43, 1813.87],[11995.43, 1813.77],[11996.43, 1813.77],[12006.43, 1812.77],[12016.43, 1809.77],[12017.75, 1809.04],[12020.43, 1808.77],[12024.93, 1807.42],[12031.43, 1806.77],[12036.43, 1805.27],[12041.43, 1804.77],[12045.93, 1803.42],[12052.43, 1802.77],[12061.43, 1800.07],[12064.43, 1799.77],[12067.76, 1798.77],[12069.43, 1798.77],[12071.43, 1798.77],[12073.43, 1798.77],[12075.43, 1798.77],[12077.43, 1798.77],[12080.43, 1798.77],[12090.43, 1797.77],[12093.76, 1796.77],[12094.43, 1796.77],[12104.43, 1795.77],[12114.43, 1792.77],[12117.56, 1791.03],[12117.57, 1791.03],[12118.43, 1790.77],[12124.67, 1787.31],[12131.89, 1788.7],[12135.43, 1789.77],[12144.85, 1790.63],[12144.87, 1790.63],[12153.43, 1789.77],[12155.1, 1789.77],[12158.43, 1788.77],[12166.43, 1787.97],[12170.43, 1786.77],[12180.43, 1785.77],[12183.43, 1785.77],[12185.43, 1785.77],[12187.43, 1785.77],[12189.43, 1785.77],[12193.43, 1785.77],[12197.43, 1785.77],[12199.43, 1785.77],[12204.43, 1785.77],[12208.43, 1785.77],[12212.43, 1785.77],[12215.43, 1785.77],[12216.43, 1785.67],[12219.43, 1784.77],[12229.43, 1783.77],[12233.43, 1783.77],[12237.92, 1783.77],[12240.32, 1783.4],[12242.43, 1782.77],[12252.43, 1781.77],[12256.43, 1781.77],[12257.43, 1781.77],[12258.43, 1781.67],[12261.43, 1780.77],[12271.43, 1779.77],[12273.76, 1779.77],[12280.43, 1777.77],[12285.28, 1777.28],[12286.43, 1776.77],[12287.43, 1776.67],[12290.43, 1775.77],[12300.43, 1774.77],[12304.1, 1774.77],[12307.43, 1773.77],[12317.43, 1772.77],[12318.43, 1772.77],[12319.43, 1772.67],[12322.43, 1771.77],[12332.43, 1770.77],[12336.1, 1770.77],[12339.43, 1769.77],[12349.43, 1768.77],[12350.09, 1768.77],[12353.43, 1767.77],[12356.93, 1767.42],[12362.43, 1765.77],[12367.43, 1765.27],[12372.43, 1763.77],[12382.43, 1762.77],[12384.43, 1762.77],[12386.43, 1762.77],[12388.43, 1762.77],[12391.43, 1762.77],[12393.43, 1762.77],[12395.43, 1762.77],[12397.43, 1762.77],[12399.43, 1762.77],[12401.43, 1762.77],[12403.43, 1762.77],[12405.43, 1762.77],[12407.43, 1762.77],[12409.43, 1762.77],[12412.43, 1762.77],[12414.43, 1762.77],[12416.43, 1762.77],[12418.43, 1762.77],[12420.43, 1762.77],[12422.43, 1762.77],[12424.43, 1762.77],[12426.43, 1762.77],[12428.43, 1762.77],[12430.43, 1762.77],[12433.43, 1762.77],[12435.43, 1762.77],[12437.43, 1762.77],[12439.43, 1762.77],[12441.43, 1762.77],[12443.43, 1762.77],[12453.43, 1763.77],[12456.76, 1764.77],[12458.43, 1764.77],[12462.43, 1764.77],[12472.43, 1765.77],[12475.43, 1766.67],[12476.43, 1766.77],[12477.84, 1767.39],[12478.41, 1767.56],[12480.43, 1767.77],[12484.93, 1769.12],[12491.43, 1769.77],[12496.43, 1771.27],[12501.43, 1771.77],[12504.93, 1772.82],[12514.43, 1773.77],[12517.93, 1774.82],[12527.43, 1775.77],[12530.76, 1776.77],[12531.43, 1776.77],[12533.43, 1776.77],[12543.43, 1777.77],[12553.43, 1780.77],[12554.6, 1781.42],[12557.43, 1782.27],[12562.43, 1782.77],[12572.43, 1785.77],[12573.95, 1786.62],[12573.96, 1786.62],[12575.43, 1786.77],[12585.43, 1789.77],[12592.43, 1791.77],[12599.75, 1794.7],[12600.43, 1794.77],[12606.43, 1796.57],[12607.43, 1796.77],[12610.37, 1797.75],[12610.43, 1797.77],[12610.44, 1797.78],[12611.71, 1798.2],[12617.43, 1798.77],[12627.43, 1801.77],[12634.23, 1805.55],[12636.43, 1805.77],[12641.43, 1807.27],[12646.43, 1807.77],[12651.93, 1809.42],[12655.43, 1809.77],[12665.43, 1812.77],[12666.21, 1813.2],[12671.43, 1814.77],[12677.7, 1818.25],[12679.43, 1818.77],[12684.43, 1820.77],[12685.21, 1821.2],[12690.43, 1822.77],[12697.08, 1826.47],[12697.1, 1826.47],[12701.43, 1827.77],[12710.43, 1832.77],[12710.7, 1832.95],[12713.43, 1833.77],[12716.56, 1835.51],[12717.43, 1835.77],[12722.43, 1837.77],[12725.56, 1839.51],[12725.57, 1839.51],[12726.43, 1839.77],[12727.21, 1840.2],[12732.43, 1841.77],[12741.43, 1846.77],[12742.82, 1847.99],[12742.83, 1847.99],[12745.43, 1848.77],[12754.43, 1853.77],[12754.6, 1853.92],[12757.43, 1854.77],[12762.52, 1857.6],[12762.53, 1857.6],[12766.43, 1858.77],[12770.33, 1860.94],[12776.43, 1862.77],[12777.21, 1863.2],[12782.43, 1864.77],[12791.43, 1869.77],[12792.21, 1870.2],[12797.43, 1871.77],[12802.53, 1874.61],[12802.56, 1874.62],[12806.43, 1875.77],[12815.43, 1880.77],[12815.95, 1881.03],[12818.43, 1881.77],[12827.43, 1886.77],[12828.51, 1887.72],[12837.43, 1891.77],[12842.13, 1894.38],[12843.43, 1894.77],[12848.43, 1896.77],[12857.43, 1901.77],[12859.73, 1903.5],[12861.56, 1904.51],[12862.43, 1904.77],[12865.56, 1906.51],[12866.43, 1906.77],[12869.95, 1908.73],[12869.97, 1908.74],[12873.43, 1909.77],[12876.56, 1911.51],[12876.57, 1911.51],[12877.43, 1911.77],[12880.56, 1913.51],[12880.57, 1913.51],[12881.43, 1913.77],[12884.56, 1915.51],[12884.57, 1915.51],[12885.43, 1915.77],[12890.52, 1918.6],[12890.53, 1918.6],[12894.43, 1919.77],[12897.56, 1921.51],[12897.57, 1921.51],[12898.43, 1921.77],[12903.72, 1924.71],[12907.43, 1925.77],[12917.43, 1929.77],[12926.43, 1935.77],[12927.43, 1936.77],[12928.76, 1938.1],[12930.43, 1938.77],[12936.7, 1942.25],[12938.43, 1942.77],[12947.43, 1947.77],[12950.1, 1950.1],[12951.43, 1950.77],[12952.43, 1951.44],[12952.66, 1951.54],[12953.43, 1951.77],[12954.21, 1952.2],[12959.43, 1953.77],[12960.21, 1954.2],[12965.43, 1955.77],[12968.56, 1957.51],[12968.57, 1957.51],[12969.43, 1957.77],[12971.39, 1958.86],[12974.43, 1959.77],[12983.43, 1964.77],[12985.52, 1966.6],[12989.43, 1968.77],[12991.52, 1970.6],[12995.43, 1972.77],[12997.86, 1974.9],[12997.87, 1974.91],[12999.43, 1975.77],[12999.78, 1976.07],[13006.43, 1979.77],[13010.22, 1983.09],[13010.23, 1983.09],[13014.43, 1984.77],[13020.7, 1988.25],[13022.43, 1988.77],[13031.43, 1993.77],[13033.24, 1995.35],[13036.43, 1996.77],[13042.87, 2001.6],[13043.43, 2001.77],[13046.43, 2003.44],[13049.43, 2004.77],[13051.14, 2006.06],[13052.43, 2006.77],[13054.42, 2008.51],[13054.58, 2008.64],[13058.43, 2010.77],[13064.69, 2016.25],[13064.7, 2016.26],[13067.43, 2017.77],[13068.98, 2019.13],[13070.43, 2019.77],[13072.14, 2021.06],[13073.43, 2021.77],[13075.43, 2023.52],[13078.43, 2025.77],[13081.43, 2028.77],[13085.43, 2032.77],[13086.43, 2033.77],[13087.43, 2034.77],[13088.19, 2035.63],[13088.43, 2035.77],[13090.14, 2037.06],[13091.43, 2037.77],[13095.43, 2040.77],[13096.43, 2041.77],[13105.43, 2046.77],[13113.43, 2053.77],[13114.36, 2054.84],[13114.39, 2054.87],[13115.43, 2055.77],[13117.43, 2057.77],[13118.43, 2058.77],[13122.43, 2061.77],[13127.43, 2066.77],[13132.43, 2070.77],[13133.43, 2071.77],[13136.18, 2074.52],[13138.43, 2075.77],[13146.43, 2082.77],[13147.83, 2084.37],[13149.43, 2085.77],[13149.93, 2086.44],[13150.43, 2086.77],[13153.43, 2088.77],[13155.43, 2090.52],[13158.43, 2092.77],[13161.43, 2095.77],[13166.43, 2100.77],[13166.57, 2101.01],[13167.43, 2101.77],[13170.43, 2104.77],[13171.43, 2105.77],[13171.63, 2106],[13178.43, 2109.77],[13186.43, 2116.77],[13186.93, 2117.27],[13191.43, 2119.77],[13193.43, 2121.52],[13200.43, 2126.77],[13206.43, 2134.77],[13206.57, 2135.01],[13207.43, 2135.77],[13208.83, 2137.37],[13210.43, 2138.77],[13212.68, 2141.77],[13214.43, 2143.77],[13215.15, 2145.06],[13216.43, 2146.77],[13216.82, 2147.64],[13220.43, 2151.77],[13222.81, 2156.05],[13223.43, 2155.77],[13224.43, 2155.67],[13227.43, 2154.77],[13237.43, 2153.77],[13241.76, 2153.77],[13248.43, 2151.77],[13251.89, 2151.42],[13252.07, 2151.37],[13253.43, 2150.77],[13253.86, 2150.64],[13259.43, 2145.77],[13268.43, 2140.77],[13273.65, 2139.2],[13274.43, 2138.77],[13284.43, 2135.77],[13285.93, 2135.62],[13295.43, 2132.77],[13305.43, 2131.77],[13311.43, 2131.77],[13312.43, 2131.77],[13322.43, 2128.77],[13332.43, 2127.77],[13336.43, 2127.77],[13338.43, 2127.77],[13340.43, 2127.77],[13342.43, 2127.77],[13344.43, 2127.77],[13347.43, 2127.77],[13349.43, 2127.77],[13351.43, 2127.77],[13353.43, 2127.77],[13355.43, 2127.77],[13356.43, 2127.77],[13357.43, 2127.67],[13360.43, 2126.77],[13370.43, 2125.77],[13372.43, 2125.77],[13374.43, 2125.77],[13378.43, 2125.77],[13382.43, 2125.77],[13384.43, 2125.77],[13386.43, 2125.77],[13389.43, 2125.77],[13391.43, 2125.77],[13393.43, 2125.77],[13395.43, 2125.77],[13397.43, 2125.77],[13407.43, 2126.77],[13410.43, 2127.67],[13411.43, 2127.77],[13412.43, 2127.77],[13414.43, 2127.77],[13416.43, 2127.77],[13420.43, 2127.77],[13421.43, 2127.77],[13422.3, 2127.51],[13422.31, 2127.51],[13425.43, 2125.77],[13428.47, 2124.86],[13428.48, 2124.86],[13430.43, 2123.77],[13431.07, 2123.58],[13435.43, 2119.77],[13437.95, 2118.37],[13438.43, 2116.77],[13443.43, 2107.77],[13445.1, 2105.86],[13445.43, 2104.77],[13447.63, 2100.8],[13447.43, 2098.77],[13447.43, 2096.77],[13447.43, 2096.1],[13446.43, 2092.77],[13446.08, 2089.27],[13444.43, 2083.77],[13444.23, 2081.77],[13444.14, 2081.44],[13444.13, 2081.42],[13440.43, 2074.77],[13438.86, 2069.55],[13438.43, 2068.77],[13438.17, 2067.9],[13436.43, 2064.77],[13436.17, 2063.9],[13434.43, 2060.77],[13433.52, 2057.73],[13432.43, 2055.77],[13430.6, 2049.68],[13428.43, 2045.77],[13428.17, 2044.9],[13426.43, 2041.77],[13425, 2038.2],[13422.73, 2034.12],[13422.43, 2033.77],[13417.43, 2024.77],[13416.05, 2020.15],[13415.43, 2018.77],[13415.33, 2017.77],[13414.43, 2014.77],[13414.3, 2013.48],[13410.43, 2004.77],[13409.43, 2001.77],[13407.43, 1996.77],[13406.74, 1994.46],[13406.43, 1993.77],[13404.43, 1987.77],[13402.43, 1981.77],[13400.43, 1977.1],[13399.43, 1975.77],[13395.43, 1966.77],[13394.43, 1963.77],[13393.43, 1960.77],[13393.23, 1959.77],[13391.43, 1953.77],[13391.3, 1952.48],[13387.43, 1943.77],[13386.43, 1940.77],[13386.1, 1939.77],[13384.43, 1936.77],[13383.05, 1932.16],[13382.43, 1930.77],[13382.33, 1929.77],[13381.43, 1926.77],[13380.78, 1920.27],[13380.73, 1920.12],[13379.43, 1917.77],[13377.43, 1912.77],[13377.17, 1911.9],[13375.43, 1908.77],[13374.04, 1904.15],[13373.43, 1902.77],[13373.33, 1901.77],[13372.43, 1898.77],[13371.93, 1893.77],[13370.43, 1888.77],[13370.08, 1885.27],[13369.35, 1882.85],[13368.43, 1880.77],[13367.43, 1877.77],[13366.43, 1874.77],[13366.23, 1873.77],[13364.43, 1867.77],[13364.28, 1866.31],[13363.43, 1864.77],[13362.05, 1860.16],[13361.43, 1858.77],[13361.33, 1857.77],[13360.43, 1854.77],[13360.26, 1853.07],[13360.26, 1853.06],[13358.43, 1849.77],[13356.86, 1844.55],[13356.43, 1843.77],[13353.43, 1833.77],[13353.04, 1829.9],[13349.43, 1821.77],[13348.43, 1818.77],[13347.43, 1815.77],[13345.43, 1809.77],[13345.23, 1808.77],[13344.43, 1806.77],[13342.43, 1799.77],[13341.43, 1796.77],[13339.43, 1790.77],[13339.18, 1789.52],[13338.43, 1787.77],[13334.23, 1777.97],[13333.43, 1776.77],[13329.43, 1766.77],[13327.43, 1759.77],[13326.43, 1756.77],[13324.43, 1750.77],[13324.34, 1750.32],[13321.43, 1743.77],[13321.14, 1740.84],[13318.43, 1736.77],[13314.43, 1726.77],[13313.38, 1723.08],[13310.43, 1717.77],[13306.43, 1707.77],[13304.43, 1702.77],[13304.2, 1701.99],[13303.25, 1699.87],[13302.43, 1698.77],[13301.98, 1697.95],[13299.43, 1694.77],[13294.63, 1687.57],[13290.43, 1682.77],[13289.48, 1681.06],[13286.43, 1678.77],[13283.43, 1674.77],[13282.43, 1673.77],[13275.43, 1665.77],[13271.43, 1659.77],[13269.43, 1658.02],[13266.43, 1655.77],[13263.43, 1652.77],[13258.43, 1647.77],[13258.23, 1647.41],[13257.43, 1646.77],[13256.43, 1645.77],[13252.43, 1642.44],[13251.43, 1641.77],[13246.43, 1637.77],[13244.43, 1635.77],[13242.68, 1634.02],[13240.43, 1632.77],[13232.43, 1625.77],[13225.43, 1617.77],[13224.39, 1616.86],[13222.43, 1615.77],[13220.43, 1613.77],[13217.43, 1611.77],[13214.23, 1608.97],[13212.43, 1607.77],[13209.23, 1604.97],[13207.43, 1603.77],[13206.43, 1602.77],[13198.43, 1595.77],[13197.43, 1594.77],[13196.43, 1593.77],[13194.43, 1591.77],[13192.56, 1589.64],[13192.03, 1589.17],[13191.43, 1588.77],[13183.43, 1581.77],[13181.43, 1579.77],[13179.92, 1578.04],[13179.91, 1578.03],[13179.43, 1577.77],[13178.39, 1576.86],[13176.43, 1575.77],[13171.43, 1570.77],[13170.43, 1569.77],[13163.43, 1563.77],[13159.43, 1560.77],[13154.43, 1555.77],[13153.94, 1555.28],[13149.43, 1552.77],[13145.99, 1550.19],[13143.43, 1548.77],[13135.43, 1541.77],[13130.63, 1537.57],[13129.43, 1536.77],[13124.43, 1532.77],[13120.43, 1528.77],[13118.43, 1526.77],[13117.43, 1525.77],[13116.68, 1525.02],[13114.43, 1523.77],[13112.43, 1522.02],[13105.43, 1516.77],[13101.61, 1511.68],[13100.48, 1510.69],[13093.43, 1506.77],[13085.43, 1499.77],[13083.43, 1497.77],[13082.67, 1497.01],[13080.43, 1495.77],[13079.39, 1494.86],[13077.43, 1493.77],[13072.43, 1488.77],[13069.43, 1485.77],[13068.75, 1485.09],[13066.43, 1483.77],[13064.72, 1482.48],[13063.43, 1481.77],[13061.44, 1480.03],[13058.43, 1477.77],[13057.43, 1476.77],[13056.39, 1475.86],[13054.43, 1474.77],[13049.43, 1469.77],[13047.43, 1467.77],[13046.43, 1466.77],[13045.43, 1465.77],[13040.43, 1461.77],[13039.43, 1460.77],[13035.43, 1457.77],[13034.68, 1457.02],[13032.43, 1455.77],[13025.82, 1449.99],[13025.43, 1449.77],[13017.77, 1443.07],[13015.43, 1441.77],[13014.38, 1440.86],[13012.43, 1439.77],[13009.19, 1436.53],[13002.43, 1432.77],[12994.43, 1425.77],[12993.1, 1424.25],[12990.43, 1422.77],[12982.43, 1415.77],[12979, 1413.2],[12976.43, 1411.77],[12974.43, 1409.77],[12968.43, 1403.77],[12965.43, 1399.77],[12964.39, 1398.86],[12962.43, 1397.77],[12957.43, 1392.77],[12954.43, 1389.77],[12952.18, 1386.77],[12950.43, 1384.77],[12949.72, 1383.49],[12948.43, 1381.77],[12947.09, 1378.75],[12946.65, 1377.96],[12946.43, 1377.77],[12941.7, 1372.36],[12941.69, 1372.36],[12939.43, 1371.1],[12936.43, 1369.77],[12934.72, 1368.48],[12933.43, 1367.77],[12931.43, 1366.02],[12928.43, 1363.77],[12927.04, 1362.18],[12925.77, 1361.07],[12923.43, 1359.77],[12920.43, 1357.77],[12915.21, 1353.2],[12915.2, 1353.19],[12914.43, 1352.77],[12913.4, 1351.86],[12911.43, 1350.77],[12911.17, 1350.51],[12904.43, 1346.77],[12904.08, 1346.47],[12897.43, 1342.77],[12895.13, 1341.04],[12887.43, 1336.77],[12886.39, 1335.86],[12884.43, 1334.77],[12881.43, 1331.77],[12880.42, 1331.1],[12880.3, 1331.03],[12879.43, 1330.77],[12876.3, 1329.03],[12875.43, 1328.77],[12872.3, 1327.03],[12871.43, 1326.77],[12862.43, 1321.77],[12862.08, 1321.46],[12861.3, 1321.03],[12861.29, 1321.03],[12860.43, 1320.77],[12852.61, 1316.43],[12850.43, 1315.77],[12841.43, 1310.77],[12840.43, 1310.1],[12834.43, 1306.77],[12828.43, 1302.77],[12826.88, 1301.42],[12825.43, 1300.77],[12825.06, 1300.56],[12822.43, 1299.77],[12813.43, 1294.77],[12811.69, 1293.25],[12805.43, 1289.77],[12804.39, 1288.86],[12802.43, 1287.77],[12800.94, 1286.28],[12796.43, 1283.77],[12794.34, 1281.94],[12790.43, 1279.77],[12788.34, 1277.94],[12784.43, 1275.77],[12783.39, 1274.86],[12781.43, 1273.77],[12778.43, 1270.77],[12777.39, 1269.86],[12775.43, 1268.77],[12770.55, 1264.5],[12767.43, 1262.77],[12759.43, 1255.77],[12756.63, 1252.57],[12753.43, 1249.77],[12752.5, 1248.7],[12752.47, 1248.67],[12751.43, 1247.77],[12750.86, 1247.12],[12748.43, 1245.77],[12743.56, 1241.51],[12740.43, 1239.77],[12740.08, 1239.46],[12740.07, 1239.45],[12739.3, 1239.03],[12739.29, 1239.03],[12738.43, 1238.77],[12734.92, 1236.82],[12734.43, 1236.77],[12727.93, 1234.82],[12727.43, 1234.77],[12724.43, 1233.87],[12723.43, 1233.77],[12722.27, 1233.25],[12717.43, 1232.77],[12711.93, 1231.12],[12708.43, 1230.77],[12705.43, 1229.87],[12704.43, 1229.77],[12703.04, 1229.15],[12698.43, 1227.77],[12697.56, 1227.28],[12692.43, 1226.77],[12682.43, 1223.77],[12680.76, 1223.1],[12677.43, 1222.77],[12667.43, 1219.77],[12664.42, 1218.1],[12663.86, 1217.91],[12662.43, 1217.77],[12652.43, 1214.77],[12651.65, 1214.34],[12646.43, 1212.77],[12645.33, 1212.16],[12641.43, 1211.77],[12631.43, 1208.77],[12629.89, 1207.92],[12628.43, 1207.77],[12618.43, 1204.77],[12615.3, 1203.03],[12615.29, 1203.03],[12614.43, 1202.77],[12613.65, 1202.34],[12608.43, 1200.77],[12607.65, 1200.33],[12607.62, 1200.32],[12606.93, 1200.12],[12603.43, 1199.77],[12593.43, 1196.77],[12588.73, 1194.16],[12587.43, 1193.77],[12586.65, 1193.33],[12586.62, 1193.32],[12584.93, 1192.82],[12584.43, 1192.77],[12574.43, 1189.77],[12572.67, 1188.79],[12572.66, 1188.79],[12572.43, 1188.77],[12565.93, 1186.82],[12565.43, 1186.77],[12555.43, 1183.77],[12554.65, 1183.34],[12549.43, 1181.77],[12548.65, 1181.34],[12543.43, 1179.77],[12540.69, 1178.25],[12532.43, 1175.77],[12523.43, 1170.77],[12521.69, 1169.24],[12521.67, 1169.23],[12521.3, 1169.03],[12521.29, 1169.03],[12520.43, 1168.77],[12517.3, 1167.03],[12517.29, 1167.03],[12516.43, 1166.77],[12511.36, 1163.95],[12511.35, 1163.95],[12507.43, 1162.77],[12498.43, 1157.77],[12493.55, 1153.5],[12490.43, 1151.77],[12446.21, 1151.77],[12440.43, 1149.77],[12436.61, 1149.14],[12425.43, 1145.77],[12404.18, 1143.84],[12403.05, 1143.66],[12393.43, 1139.77],[12382.76, 1137.79],[12369.43, 1133.77],[12352.93, 1132.27],[12339.43, 1129.77],[12327.76, 1129.98],[12326.53, 1129.87],[12322.43, 1125.77],[12316.43, 1122.77],[12309.43, 1119.77],[12306.43, 1118.77],[12304.43, 1118.48],[12301.41, 1117.62],[12299.43, 1116.77],[12296.43, 1115.77],[12290.43, 1113.77],[12288.43, 1113.48],[12282.43, 1111.77],[12275.43, 1109.77],[12268.76, 1107.77],[12266.43, 1106.77],[12260.43, 1104.77],[12257.43, 1103.77],[12256.43, 1103.63],[12253.43, 1102.77],[12251.76, 1102.44],[12248.43, 1100.77],[12246.1, 1100.1],[12245.43, 1099.77],[12244.43, 1099.63],[12241.43, 1098.77],[12234.43, 1097.77],[12233.73, 1097.87],[12230.43, 1096.77],[12227.43, 1095.77],[12226.43, 1095.63],[12223.43, 1094.77],[12220.93, 1094.41],[12219.43, 1093.77],[12217.43, 1092.77],[12214.43, 1092.34],[12212.43, 1091.77],[12205.43, 1090.77],[12198.43, 1088.77],[12196.68, 1088.52],[12194.43, 1087.77],[12192.93, 1087.98],[12191.43, 1087.77],[12188.76, 1087.77],[12186.43, 1086.77],[12179.43, 1084.77],[12176.43, 1084.34],[12174.43, 1083.77],[12172.68, 1083.52],[12170.43, 1082.77],[12168.93, 1082.98],[12167.43, 1082.77],[12166.43, 1082.77],[12163.93, 1082.27],[12162.43, 1081.77],[12161.43, 1081.63],[12158.43, 1080.77],[12151.43, 1079.77],[12148.43, 1079.77],[12147.43, 1079.77],[12143.43, 1078.77],[12136.43, 1077.77],[12135.43, 1077.91],[12134.43, 1077.77],[12129.43, 1077.77],[12127.43, 1077.77],[12124.43, 1077.77],[12122.68, 1077.52],[12120.43, 1076.77],[12118.93, 1076.98],[12117.43, 1076.77],[12110.93, 1076.77],[12107.43, 1075.77],[12100.43, 1074.77],[12095.43, 1074.77],[12092.43, 1074.77],[12085.43, 1073.77],[12080.43, 1073.77],[12074.43, 1071.77],[12069.43, 1071.06],[12068.43, 1070.77],[12061.43, 1069.77],[12060.93, 1069.77],[12057.43, 1068.77],[12050.43, 1067.77],[12045.43, 1067.77],[12042.43, 1066.77],[12041.43, 1066.63],[12038.43, 1065.77],[12031.43, 1064.77],[12028.43, 1064.77],[12025.43, 1064.77],[12018.43, 1064.77],[12011.43, 1064.77],[12005.43, 1064.77],[12004.77, 1064.87],[12004.43, 1064.77],[11997.43, 1063.77],[11994.43, 1063.77],[11991.43, 1063.77],[11985.1, 1063.77],[11974.43, 1061.77],[11967.43, 1060.77],[11960.43, 1059.77],[11958.43, 1059.77],[11957.43, 1059.77],[11950.43, 1057.77],[11943.43, 1056.77],[11942.43, 1056.77],[11938.43, 1056.77],[11936.43, 1056.48],[11930.43, 1054.77],[11926.93, 1055.27],[11920.43, 1054.34],[11918.43, 1053.77],[11911.43, 1052.77],[11909.43, 1052.77],[11907.93, 1052.77],[11904.43, 1051.77],[11903.43, 1051.63],[11900.43, 1050.77],[11898.93, 1050.98],[11897.43, 1050.77],[11891.43, 1050.77],[11884.43, 1050.77],[11877.43, 1050.77],[11871.43, 1050.77],[11864.43, 1049.77],[11862.43, 1049.77],[11859.43, 1049.77],[11851.43, 1049.77],[11844.43, 1049.77],[11839.43, 1049.77],[11832.43, 1049.77],[11826.43, 1049.77],[11820.43, 1049.77],[11819.43, 1049.77],[11812.43, 1050.77],[11807.43, 1050.77],[11800.43, 1050.77],[11798.93, 1050.98],[11797.43, 1050.77],[11794.43, 1051.63],[11793.43, 1051.77],[11789.75, 1052.82],[11777.43, 1053.77],[11774.43, 1053.77],[11773.43, 1053.77],[11766.43, 1054.77],[11759.43, 1056.77],[11757.43, 1056.77],[11750.43, 1057.77],[11749.1, 1058.15],[11746.43, 1057.77],[11741.93, 1059.27],[11738.43, 1059.77],[11734.43, 1061.48],[11733.43, 1061.77],[11732.43, 1062.27],[11726.43, 1063.77],[11723.43, 1063.77],[11720.43, 1063.77],[11716.43, 1063.77],[11712.43, 1063.77],[11707.43, 1063.77],[11705.43, 1063.77],[11702.43, 1063.77],[11696.43, 1063.77],[11694.43, 1063.77],[11687.43, 1062.77],[11686.43, 1062.91],[11685.43, 1062.77],[11680.43, 1062.77],[11676.93, 1062.77],[11673.43, 1061.77],[11671.68, 1061.52],[11669.43, 1060.77],[11667.93, 1060.98],[11666.43, 1060.77],[11662.43, 1060.77],[11659.43, 1060.77],[11655.43, 1060.77],[11650.43, 1060.77],[11642.43, 1060.77],[11639.43, 1060.77],[11635.43, 1060.77],[11631.43, 1060.77],[11626.43, 1060.77],[11622.43, 1060.77],[11618.43, 1060.77],[11615.43, 1060.77],[11612.43, 1060.77],[11608.43, 1060.77],[11603.43, 1060.77],[11601.43, 1060.77],[11593.43, 1060.77],[11591.43, 1060.77],[11588.43, 1060.77],[11585.43, 1060.77],[11581.43, 1060.77],[11575.43, 1060.77],[11571.43, 1060.77],[11568.43, 1060.77],[11563.43, 1060.77],[11562.43, 1060.77],[11555.43, 1059.77],[11554.43, 1059.77],[11551.43, 1059.77],[11548.43, 1059.77],[11542.43, 1059.77],[11540.43, 1059.77],[11535.43, 1058.77],[11528.43, 1057.77],[11524.43, 1057.77],[11519.43, 1057.77],[11515.43, 1057.77],[11511.43, 1057.77],[11506.43, 1057.77],[11504.43, 1057.77],[11501.43, 1057.77],[11496.43, 1057.77],[11494.43, 1057.77],[11489.43, 1057.77],[11487.43, 1057.77],[11481.43, 1057.77],[11478.43, 1057.77],[11471.43, 1058.77],[11467.93, 1059.77],[11465.43, 1059.77],[11464.43, 1059.77],[11462.43, 1059.77],[11459.43, 1059.77],[11458.43, 1059.77],[11457.43, 1059.77],[11454.43, 1059.77],[11451.43, 1059.77],[11449.94, 1059.77],[11446.43, 1058.77],[11439.43, 1057.77],[11438.43, 1057.77],[11434.43, 1057.77],[11432.43, 1057.77],[11429.43, 1057.77],[11428.43, 1057.77],[11427.43, 1057.77],[11425.43, 1057.77],[11424.43, 1057.77],[11422.43, 1057.77],[11421.43, 1057.77],[11420.43, 1057.77],[11417.43, 1057.77],[11415.43, 1057.77],[11412.43, 1057.77],[11410.43, 1057.77],[11408.43, 1057.77],[11405.43, 1057.77],[11402.43, 1057.77],[11398.43, 1057.77],[11395.43, 1057.77],[11392.43, 1057.77],[11388.43, 1057.77],[11384.43, 1057.77],[11380.43, 1057.77],[11375.43, 1057.77],[11372.43, 1057.77],[11368.43, 1057.77],[11365.43, 1057.77],[11364.43, 1057.91],[11363.43, 1057.77],[11356.43, 1058.77],[11352.43, 1059.77],[11350.43, 1059.77],[11345.43, 1059.77],[11343.43, 1059.77],[11338.43, 1059.77],[11335.43, 1059.77],[11333.43, 1059.77],[11330.43, 1059.77],[11328.43, 1059.77],[11325.43, 1059.77],[11323.43, 1059.77],[11321.43, 1059.77],[11318.43, 1059.77],[11315.43, 1059.77],[11308.43, 1060.77],[11307.43, 1060.77],[11304.43, 1060.77],[11303.43, 1060.77],[11296.43, 1061.77],[11289.43, 1063.77],[11287.43, 1064.77],[11284.43, 1065.63],[11283.43, 1065.77],[11280.43, 1066.77],[11279.43, 1067.2],[11277.43, 1067.77],[11274.43, 1068.63],[11273.43, 1068.77],[11270.43, 1069.77],[11269.46, 1070.19],[11268.43, 1070.48],[11266.43, 1070.77],[11261.43, 1071.77],[11254.43, 1073.77],[11253.22, 1074.37],[11250.43, 1074.77],[11243.43, 1075.77],[11236.43, 1077.77],[11234.43, 1077.77],[11233.43, 1077.77],[11231.43, 1077.77],[11228.43, 1077.77],[11226.43, 1077.77],[11224.43, 1077.77],[11217.43, 1078.77],[11213.77, 1079.82],[11213.76, 1079.82],[11213.43, 1079.77],[11211.18, 1080.52],[11209.43, 1080.77],[11207.43, 1080.77],[11206.43, 1080.77],[11203.43, 1080.77],[11201.43, 1080.77],[11199.43, 1080.77],[11197.43, 1080.77],[11196.43, 1080.77],[11194.43, 1080.77],[11193.43, 1080.77],[11191.43, 1080.77],[11184.43, 1081.77],[11181.43, 1082.63],[11180.43, 1082.77],[11179.42, 1083.2],[11177.43, 1083.77],[11176.23, 1084.37],[11173.43, 1084.77],[11171.43, 1084.77],[11170.43, 1084.77],[11163.43, 1085.77],[11160.43, 1086.63],[11159.43, 1086.77],[11158.44, 1087.2],[11156.43, 1087.77],[11154.43, 1087.77],[11153.43, 1087.77],[11151.43, 1087.77],[11148.93, 1088.13],[11146.43, 1087.77],[11144.43, 1087.77],[11143.43, 1087.77],[11142.43, 1087.77],[11140.43, 1087.77],[11139.43, 1087.77],[11137.43, 1087.77],[11136.43, 1087.77],[11135.43, 1087.77],[11134.43, 1086.77],[11128.43, 1083.77],[11121.43, 1081.77],[11114.43, 1080.77],[11113.43, 1080.77],[11112.43, 1080.77],[11110.43, 1080.77],[11109.43, 1080.77],[11102.43, 1081.77],[11097.43, 1083.2],[11097.42, 1083.2],[11093.43, 1083.77],[11092.43, 1084.06],[11092.4, 1084.06],[11087.43, 1084.77],[11084.43, 1085.63],[11084.41, 1085.63],[11083.43, 1085.77],[11076.43, 1087.77],[11074.43, 1088.77],[11072.43, 1089.77],[11071.43, 1090.2],[11069.43, 1090.77],[11065.43, 1092.77],[11064.78, 1093.1],[11062.43, 1093.77],[11056.43, 1096.77],[11052.44, 1098.77],[11052.43, 1098.77],[11045.43, 1100.77],[11043.83, 1101.57],[11042.43, 1101.77],[11039.45, 1102.62],[11039.43, 1102.63],[11038.43, 1102.77],[11033.4, 1104.2],[11029.43, 1104.77],[11022.43, 1106.77],[10997.43, 1106.77],[10993.43, 1108.77],[10991.1, 1109.44],[10988.43, 1110.77],[10984.43, 1111.77],[10982.44, 1112.05],[10981.1, 1112.44],[10980.43, 1112.77],[10973.43, 1114.77],[10971.68, 1115.02],[10969.43, 1115.77],[10967.93, 1115.56],[10966.43, 1115.77],[10959.43, 1116.77],[10958.94, 1116.77],[10955.43, 1117.77],[10953.68, 1118.02],[10951.43, 1118.77],[10949.93, 1118.56],[10948.43, 1118.77],[10946.43, 1118.77],[10945.43, 1118.77],[10938.43, 1120.77],[10931.43, 1121.77],[10925.43, 1121.77],[10922.43, 1121.77],[10919.43, 1121.77],[10915.43, 1121.77],[10913.43, 1121.77],[10911.43, 1121.77],[10908.43, 1121.77],[10905.43, 1121.77],[10903.43, 1121.77],[10899.43, 1121.77],[10898.43, 1121.77],[10895.43, 1121.77],[10893.43, 1121.77],[10889.43, 1121.77],[10888.43, 1121.77],[10885.43, 1121.77],[10878.43, 1120.77],[10874.93, 1119.77],[10871.43, 1119.77],[10868.43, 1119.77],[10862.43, 1119.77],[10859.43, 1119.77],[10858.43, 1119.77],[10851.43, 1118.77],[10849.43, 1118.77],[10846.43, 1118.77],[10841.43, 1118.77],[10839.43, 1118.77],[10838.43, 1118.77],[10834.43, 1118.77],[10833.43, 1118.77],[10826.43, 1119.77],[10825.68, 1119.66],[10825.43, 1119.77],[10824.43, 1119.91],[10821.43, 1120.77],[10814.43, 1121.77],[10812.43, 1121.77],[10811.43, 1121.77],[10809.43, 1121.77],[10806.43, 1121.77],[10805.43, 1121.77],[10804.43, 1121.77],[10802.43, 1121.77],[10801.43, 1121.77],[10799.43, 1121.77],[10798.43, 1121.77],[10795.43, 1121.77],[10794.43, 1121.77],[10791.43, 1121.77],[10789.43, 1121.77],[10788.43, 1121.77],[10781.43, 1120.77],[10777.93, 1119.77],[10777.43, 1119.77],[10770.43, 1118.77],[10767.43, 1117.91],[10766.43, 1117.77],[10763.43, 1116.77],[10762.43, 1116.34],[10760.43, 1115.77],[10759.1, 1115.44],[10754.43, 1114.77],[10751.43, 1113.91],[10750.43, 1113.77],[10746.43, 1112.63],[10740.43, 1111.77],[10737.76, 1111.1],[10735.43, 1110.77],[10733.42, 1110.2],[10730.72, 1109.81],[10729.23, 1110.14],[10729.12, 1110.11],[10728.43, 1109.77],[10724.43, 1107.77],[10722.43, 1107.2],[10721.43, 1106.77],[10720.43, 1106.63],[10717.43, 1105.77],[10715.43, 1105.77],[10708.43, 1104.77],[10705.43, 1103.91],[10704.43, 1103.77],[10701.43, 1102.77],[10699.1, 1101.77],[10697.43, 1101.77],[10690.43, 1100.77],[10683.43, 1098.77],[10683.03, 1098.57],[10677.43, 1097.77],[10676.77, 1097.58],[10675.43, 1097.77],[10673.18, 1097.02],[10671.43, 1096.77],[10664.43, 1094.77],[10657.43, 1093.77],[10650.43, 1091.77],[10648.83, 1090.97],[10647.43, 1090.77],[10644.43, 1089.91],[10643.43, 1089.77],[10642.44, 1089.34],[10640.43, 1088.77],[10640.21, 1088.66],[10639.43, 1088.77],[10632.43, 1087.77],[10632.07, 1087.68],[10631.43, 1087.77],[10629.18, 1087.02],[10627.43, 1086.77],[10623.77, 1085.72],[10623.43, 1085.77],[10616.43, 1084.77],[10612.43, 1083.77],[10609.76, 1082.44],[10607.43, 1081.77],[10605.83, 1080.97],[10604.43, 1080.77],[10597.43, 1078.77],[10596.76, 1078.44],[10593.43, 1077.77],[10592.43, 1077.48],[10587.43, 1076.77],[10584.43, 1075.91],[10583.43, 1075.77],[10581.18, 1075.02],[10579.43, 1074.77],[10578.43, 1074.77],[10571.43, 1073.77],[10568.43, 1072.91],[10567.43, 1072.77],[10566.43, 1072.34],[10564.43, 1071.77],[10562.82, 1070.97],[10561.43, 1070.77],[10554.43, 1068.77],[10552.43, 1068.2],[10549.43, 1067.77],[10546.76, 1067.1],[10544.43, 1066.77],[10537.43, 1064.77],[10535.83, 1063.97],[10534.43, 1063.77],[10531.43, 1062.91],[10530.43, 1062.77],[10529.43, 1062.34],[10527.43, 1061.77],[10524.1, 1060.11],[10519.43, 1058.77],[10518.23, 1058.17],[10515.43, 1057.77],[10512.76, 1057.1],[10510.43, 1056.77],[10503.43, 1054.77],[10502.23, 1054.17],[10499.43, 1053.77],[10492.43, 1051.77],[10491.64, 1051.37],[10487.43, 1050.77],[10480.43, 1048.77],[10478.83, 1047.97],[10477.43, 1047.77],[10476.43, 1047.77],[10469.43, 1046.77],[10462.43, 1044.77],[10462.21, 1044.66],[10461.43, 1044.77],[10459.18, 1044.02],[10457.43, 1043.77],[10450.43, 1041.77],[10443.43, 1040.77],[10440.43, 1039.91],[10439.43, 1039.77],[10438.44, 1039.34],[10436.43, 1038.77],[10435.08, 1038.1],[10430.43, 1036.77],[10423.43, 1034.77],[10422.23, 1034.17],[10419.43, 1033.77],[10412.43, 1031.77],[10406.43, 1028.77],[10404.43, 1027.91],[10403.43, 1027.77],[10396.43, 1025.77],[10394.43, 1024.77],[10390.43, 1022.77],[10388.83, 1021.97],[10387.43, 1021.77],[10383.43, 1020.77],[10381.83, 1019.97],[10380.43, 1019.77],[10373.43, 1017.77],[10371.43, 1016.77],[10369.43, 1015.77],[10367.43, 1014.77],[10367.42, 1014.76],[10364.1, 1013.1],[10359.43, 1011.77],[10356.23, 1010.17],[10353.43, 1009.77],[10350.43, 1008.91],[10349.43, 1008.77],[10348.43, 1008.34],[10346.43, 1007.77],[10345.43, 1007.27],[10343.43, 1006.77],[10340.76, 1005.44],[10338.43, 1004.77],[10333.75, 1002.43],[10331.43, 1001.77],[10328.76, 1000.44],[10326.43, 999.77],[10322.43, 997.77],[10320.43, 996.77],[10318.43, 995.77],[10316.43, 994.77],[10314.43, 992.77],[10312.43, 991.77],[10311.43, 990.77],[10309.43, 989.77],[10303.43, 985.77],[10301.43, 983.77],[10297.43, 979.77],[10296.43, 978.77],[10294.76, 977.1],[10292.43, 976.77],[10289.43, 975.91],[10288.43, 975.77],[10287.43, 975.34],[10285.43, 974.77],[10285.03, 974.57],[10279.43, 973.77],[10272.43, 971.77],[10272.03, 971.57],[10266.43, 970.77],[10259.43, 969.77],[10256.43, 968.91],[10255.43, 968.77],[10254.44, 968.34],[10252.43, 967.77],[10251.08, 967.1],[10246.43, 965.77],[10243.63, 964.37],[10239.43, 963.77],[10232.43, 961.77],[10229.76, 960.43],[10229.74, 960.42],[10229.43, 960.34],[10225.43, 959.77],[10218.43, 957.77],[10212.43, 954.77],[10211.57, 954.2],[10209.43, 953.77],[10206.43, 952.91],[10205.43, 952.77],[10202.43, 951.77],[10197.93, 949.84],[10197.43, 949.77],[10194.43, 948.77],[10192.43, 947.91],[10191.43, 947.77],[10190.43, 947.48],[10185.43, 946.77],[10182.43, 945.91],[10181.43, 945.77],[10180.43, 945.34],[10178.43, 944.77],[10174.43, 942.77],[10173.08, 942.09],[10172.43, 941.91],[10171.43, 941.77],[10170.43, 941.34],[10168.43, 940.77],[10164.43, 938.77],[10163.78, 938.44],[10161.43, 937.77],[10155.43, 934.77],[10153.43, 933.44],[10151.43, 932.77],[10144.43, 930.77],[10138.43, 927.77],[10135.1, 926.1],[10130.43, 924.77],[10129.63, 924.37],[10125.43, 923.77],[10122.43, 922.91],[10122.41, 922.91],[10121.43, 922.77],[10114.43, 920.77],[10112.83, 919.97],[10111.43, 919.77],[10104.43, 917.77],[10098.43, 914.77],[10092.43, 911.77],[10090.43, 909.77],[10088.43, 908.77],[10087.43, 907.77],[10084.43, 905.77],[10082.43, 904.77],[10080.43, 902.77],[10078.43, 901.77],[10075.43, 898.77],[10073.43, 897.77],[10071.43, 896.77],[10069.43, 895.77],[10067.43, 894.77],[10066.43, 893.77],[10064.43, 892.77],[10062.76, 891.44],[10060.43, 890.77],[10057.76, 889.44],[10055.43, 888.77],[10051.43, 886.77],[10048.43, 885.77],[10047.43, 885.34],[10045.43, 884.77],[10043.43, 883.77],[10041.43, 882.77],[10040.76, 882.44],[10038.43, 881.77],[10037.76, 881.44],[10035.43, 880.77],[10031.43, 878.77],[10030.43, 878.34],[10028.43, 877.77],[10024.43, 875.77],[10023.12, 875.11],[10018.43, 873.77],[10015.1, 872.1],[10015.08, 872.09],[10010.43, 870.77],[10005.75, 868.43],[10003.43, 867.77],[10000.76, 866.44],[9998.43, 865.77],[9991.43, 863.77],[9988.76, 862.44],[9986.43, 861.77],[9985.76, 861.44],[9983.43, 860.77],[9981.43, 859.77],[9974.43, 857.77],[9967.43, 855.77],[9966.76, 855.44],[9964.43, 854.77],[9963.76, 854.44],[9961.43, 853.77],[9955.43, 850.77],[9953.43, 848.77],[9951.43, 847.77],[9946.76, 843.1],[9944.43, 842.77],[9937.43, 840.77],[9935.68, 840.52],[9933.43, 839.77],[9932.76, 839.87],[9932.43, 839.77],[9925.43, 837.77],[9924.43, 837.63],[9924.41, 837.62],[9921.43, 836.77],[9917.46, 836.2],[9912.43, 834.77],[9911.43, 834.63],[9911.41, 834.62],[9908.43, 833.77],[9907.43, 833.63],[9904.43, 832.77],[9902.43, 832.2],[9901.43, 831.77],[9900.43, 831.63],[9897.43, 830.77],[9891.83, 829.97],[9891.43, 829.77],[9884.43, 827.77],[9883.43, 827.63],[9883.42, 827.63],[9883.41, 827.62],[9880.43, 826.77],[9879.04, 826.57],[9877.43, 825.77],[9870.43, 823.77],[9869.04, 823.57],[9867.43, 822.77],[9865.43, 822.2],[9864.43, 821.77],[9863.43, 821.63],[9860.43, 820.77],[9858.43, 819.77],[9851.43, 817.77],[9847.43, 815.77],[9845.4, 815.19],[9844.43, 814.77],[9840.43, 812.77],[9838.4, 812.19],[9837.48, 811.79],[9837.43, 811.77],[9835.43, 810.77],[9833.43, 809.77],[9832.43, 809.48],[9828.43, 807.77],[9826.43, 805.77],[9824.43, 804.77],[9822.43, 803.77],[9821.43, 802.77],[9819.43, 801.77],[9815.43, 799.77],[9813.43, 798.77],[9811.1, 798.1],[9810.43, 797.77],[9804.43, 794.77],[9802.43, 793.77],[9800.43, 792.77],[9798.43, 791.77],[9794.43, 789.77],[9792.43, 789.2],[9791.43, 788.77],[9790.43, 788.63],[9787.43, 787.77],[9783.43, 785.77],[9776.43, 783.77],[9775.03, 783.57],[9773.43, 782.77],[9771.43, 781.77],[9769.1, 781.1],[9766.43, 779.77],[9764.4, 779.19],[9763.43, 778.77],[9756.43, 776.77],[9749.43, 775.77],[9747.66, 775.51],[9745.43, 774.77],[9745.1, 774.82],[9741.43, 773.77],[9734.43, 772.77],[9730.43, 772.77],[9727.43, 772.77],[9724.43, 772.77],[9722.4, 772.48],[9722.26, 772.44],[9722.25, 772.43],[9721.43, 771.77],[9714.98, 769.01],[9714.97, 769],[9713.43, 767.77],[9711.43, 766.77],[9709.43, 765.77],[9707.43, 764.77],[9705.43, 762.77],[9703.43, 761.77],[9699.43, 759.77],[9697.4, 759.19],[9696.43, 758.77],[9689.43, 756.77],[9687.43, 755.77],[9680.43, 753.77],[9673.43, 752.77],[9666.43, 751.77],[9663.43, 751.77],[9659.43, 751.77],[9657.43, 751.77],[9656.43, 751.77],[9655.43, 751.77],[9653.43, 751.77],[9649.93, 752.27],[9643.43, 745.77],[9642.43, 744.77],[9636.43, 741.77],[9629.45, 739.77],[9629.43, 739.77],[9627.43, 738.77],[9620.43, 736.77],[9613.43, 735.77],[9612.43, 735.77],[9605.43, 733.77],[9598.43, 732.77],[9590.43, 732.77],[9589.43, 732.77],[9582.43, 730.77],[9575.43, 729.77],[9574.03, 729.57],[9572.43, 728.77],[9570.43, 728.2],[9569.43, 727.77],[9568.43, 727.63],[9565.43, 726.77],[9564.02, 726.57],[9562.43, 725.77],[9560.43, 725.2],[9559.43, 724.77],[9558.43, 724.63],[9555.43, 723.77],[9553.43, 722.77],[9551.1, 722.1],[9548.43, 720.77],[9544.43, 719.77],[9541.76, 719.1],[9541.43, 718.77],[9535.43, 715.77],[9531.2, 714.56],[9529.86, 714.06],[9529.43, 713.77],[9527.43, 712.77],[9526.43, 712.48],[9522.43, 710.77],[9515.43, 707.77],[9511.43, 705.77],[9509.43, 704.77],[9505.43, 702.77],[9503.43, 702.2],[9502.43, 701.77],[9501.43, 701.63],[9498.43, 700.77],[9493.18, 700.02],[9492.43, 699.77],[9491.43, 699.63],[9488.43, 698.77],[9484.43, 698.2],[9479.43, 696.77],[9476.63, 696.37],[9475.43, 695.77],[9468.43, 693.77],[9465.43, 693.34],[9463.43, 692.77],[9462.51, 692.92],[9461.93, 692.84],[9459.43, 691.77],[9452.43, 689.77],[9445.43, 688.77],[9441.77, 688.77],[9439.43, 687.77],[9436.43, 686.77],[9435.43, 686.63],[9432.43, 685.77],[9425.43, 684.77],[9422.43, 684.77],[9418.93, 684.27],[9414.43, 682.77],[9411.09, 683.25],[9409.43, 682.77],[9404.18, 682.02],[9403.43, 681.77],[9400.43, 680.77],[9399.43, 680.63],[9396.43, 679.77],[9389.43, 678.77],[9386.43, 678.77],[9384.43, 678.77],[9383.65, 678.88],[9381.43, 677.77],[9377.93, 677.27],[9376.43, 676.77],[9373.63, 676.37],[9372.43, 675.77],[9370.43, 675.2],[9369.43, 674.77],[9368.43, 674.63],[9365.43, 673.77],[9358.43, 672.77],[9357.43, 672.77],[9355.68, 672.52],[9353.43, 671.77],[9351.93, 671.98],[9350.43, 671.77],[9347.43, 671.77],[9339.43, 669.77],[9334.76, 669.1],[9333.43, 668.77],[9326.43, 667.77],[9326.09, 667.82],[9322.43, 666.77],[9315.43, 665.77],[9314.43, 665.77],[9307.43, 663.77],[9300.43, 662.77],[9297.43, 662.77],[9295.68, 662.52],[9293.43, 661.77],[9291.93, 661.98],[9290.43, 661.77],[9285.43, 661.77],[9282.43, 661.77],[9275.43, 660.77],[9274.93, 660.77],[9271.43, 659.77],[9269.68, 659.52],[9267.43, 658.77],[9265.93, 658.98],[9264.43, 658.77],[9261.43, 658.77],[9257.46, 658.2],[9252.43, 656.77],[9251.43, 656.63],[9251.41, 656.62],[9248.43, 655.77],[9246.68, 655.52],[9244.43, 654.77],[9242.93, 654.98],[9241.43, 654.77],[9238.43, 654.77],[9237.43, 654.63],[9234.43, 653.77],[9227.43, 652.77],[9224.43, 652.77],[9221.43, 652.77],[9218.43, 652.77],[9211.43, 651.77],[9210.43, 651.77],[9209.43, 651.77],[9202.43, 650.77],[9201.43, 650.91],[9200.43, 650.77],[9199.43, 650.77],[9197.43, 649.77],[9193.43, 648.77],[9186.43, 647.77],[9185.44, 647.91],[9185.42, 647.91],[9181.43, 646.77],[9180.4, 646.62],[9179.76, 646.44],[9179.74, 646.43],[9178.43, 645.77],[9171.43, 643.77],[9164.44, 642.77],[9164.43, 642.77],[9162.43, 641.77],[9160.1, 641.1],[9155.43, 638.77],[9148.43, 636.77],[9147.42, 636.63],[9147.39, 636.62],[9146.77, 636.44],[9146.76, 636.44],[9145.43, 635.77],[9138.43, 633.77],[9131.43, 632.77],[9130.43, 632.77],[9128.43, 632.77],[9121.43, 631.77],[9120.76, 631.77],[9119.93, 631.52],[9116.43, 629.77],[9112.43, 628.77],[9105.43, 627.77],[9103.43, 626.77],[9099.43, 625.77],[9092.43, 624.77],[9091.73, 624.87],[9091.43, 624.77],[9089.44, 624.49],[9088.1, 624.1],[9087.43, 623.77],[9080.43, 621.77],[9079.42, 621.63],[9076.43, 620.77],[9074.95, 620.98],[9074.93, 620.98],[9074.43, 620.77],[9071.43, 619.77],[9070.43, 619.63],[9067.43, 618.77],[9064.93, 618.41],[9063.43, 617.77],[9060.43, 616.77],[9059.43, 616.63],[9056.43, 615.77],[9049.43, 614.77],[9047.43, 614.77],[9040.43, 613.77],[9039.93, 613.77],[9036.43, 612.77],[9032.43, 610.77],[9027.18, 610.02],[9023.43, 608.77],[9021.87, 608.99],[9021.43, 608.77],[9019.43, 607.77],[9016.43, 607.34],[9014.43, 606.77],[9007.43, 605.77],[9000.43, 604.77],[8998.43, 604.77],[8997.43, 604.77],[8996.43, 604.77],[8989.43, 603.77],[8985.43, 603.77],[8982.43, 603.77],[8979.43, 603.77],[8975.94, 603.77],[8972.43, 602.77],[8965.43, 601.77],[8960.43, 601.77],[8953.43, 600.77],[8952.94, 600.77],[8949.43, 599.77],[8942.43, 598.77],[8935.43, 596.77],[8928.43, 595.77],[8927.43, 595.77],[8920.43, 594.77],[8913.43, 593.77],[8912.43, 593.77],[8905.43, 591.77],[8903.66, 591.51],[8901.43, 590.77],[8901.1, 590.82],[8897.43, 589.77],[8890.43, 588.77],[8888.43, 588.77],[8886.43, 588.77],[8885.43, 588.77],[8883.43, 588.77],[8882.43, 588.77],[8875.43, 587.77],[8873.94, 587.77],[8870.43, 586.77],[8863.43, 585.77],[8860.43, 585.77],[8853.43, 584.77],[8852.43, 584.77],[8845.43, 583.77],[8842.43, 583.77],[8839.43, 583.77],[8838.43, 583.77],[8835.43, 583.77],[8833.95, 583.77],[8830.43, 582.77],[8823.43, 581.77],[8820.43, 581.77],[8817.63, 581.37],[8816.43, 580.77],[8814.1, 580.1],[8811.43, 578.77],[8807.23, 578.17],[8806.43, 577.77],[8804.1, 577.1],[8799.43, 574.77],[8797.1, 574.1],[8792.43, 571.77],[8790.1, 571.1],[8789.43, 570.77],[8784.77, 569.44],[8784.76, 569.44],[8783.43, 568.77],[8776.43, 566.77],[8769.43, 565.77],[8768.43, 565.77],[8761.43, 564.77],[8759.43, 564.77],[8752.43, 563.77],[8751.93, 563.77],[8747.43, 562.77],[8740.43, 561.77],[8739.93, 561.84],[8739.43, 561.77],[8735.43, 561.77],[8731.43, 561.77],[8730.03, 561.97],[8729.43, 561.77],[8726.43, 560.77],[8725.43, 560.63],[8722.43, 559.77],[8715.43, 558.77],[8708.43, 556.77],[8701.43, 555.77],[8700.43, 555.77],[8697.43, 555.77],[8696.76, 555.87],[8696.43, 555.77],[8689.43, 554.77],[8687.43, 554.77],[8686.43, 554.77],[8684.43, 554.77],[8677.43, 553.77],[8676.44, 553.91],[8676.43, 553.91],[8672.43, 552.77],[8670.68, 552.52],[8668.43, 551.77],[8666.93, 551.98],[8665.43, 551.77],[8658.43, 551.77],[8655.43, 551.77],[8648.43, 549.77],[8641.43, 548.77],[8640.43, 548.77],[8635.43, 548.77],[8631.43, 548.77],[8628.43, 548.77],[8625.43, 548.77],[8624.43, 548.77],[8622.43, 548.77],[8621.43, 548.77],[8620.43, 548.77],[8618.43, 548.77],[8614.43, 548.77],[8612.43, 548.77],[8610.43, 548.77],[8607.43, 548.77],[8604.43, 548.77],[8600.43, 548.77],[8593.43, 547.77],[8592.43, 547.91],[8591.43, 547.77],[8590.43, 547.77],[8587.43, 547.77],[8584.43, 547.77],[8583.43, 547.77],[8581.43, 547.77],[8580.43, 547.77],[8578.43, 547.77],[8575.43, 547.77],[8574.43, 547.77],[8573.43, 547.77],[8570.94, 547.77],[8567.43, 546.77],[8560.43, 545.77],[8555.43, 545.77],[8553.43, 545.77],[8552.73, 545.87],[8552.43, 545.77],[8551.43, 545.63],[8548.43, 544.77],[8541.43, 543.77],[8538.94, 543.77],[8535.43, 542.77],[8528.43, 541.77],[8525.43, 541.77],[8518.43, 540.77],[8517.65, 540.88],[8517.43, 540.77],[8510.43, 538.77],[8503.43, 537.77],[8502.43, 537.77],[8497.43, 537.77],[8486.43, 535.77],[8482.83, 535.17],[8481.43, 534.77],[8474.43, 533.77],[8473.43, 533.77],[8472.43, 533.77],[8469.43, 532.77],[8468.43, 532.63],[8465.43, 531.77],[8461.43, 531.2],[8456.43, 529.77],[8454.76, 529.44],[8452.43, 528.77],[8451.85, 528.85],[8451.43, 528.77],[8448.43, 528.34],[8446.43, 527.77],[8444.69, 527.52],[8442.43, 526.77],[8440.91, 526.99],[8440.45, 526.92],[8436.43, 525.77],[8432.43, 524.77],[8425.43, 523.77],[8424.43, 523.91],[8423.43, 523.77],[8420.43, 523.77],[8419.43, 523.77],[8416.43, 523.77],[8414.43, 523.77],[8413.43, 523.63],[8410.43, 522.77],[8403.43, 521.77],[8400.43, 521.77],[8396.43, 521.77],[8389.43, 520.77],[8387.43, 520.77],[8386.43, 520.63],[8383.43, 519.77],[8379.43, 518.77],[8372.43, 517.77],[8371.76, 517.87],[8371.43, 517.77],[8364.43, 516.77],[8363.43, 516.77],[8362.94, 516.77],[8359.43, 515.77],[8352.43, 514.77],[8350.43, 514.77],[8346.43, 514.2],[8346.42, 514.2],[8341.43, 512.77],[8334.43, 511.77],[8333.43, 511.77],[8332.43, 511.77],[8330.43, 511.77],[8329.43, 511.77],[8327.43, 511.77],[8326.43, 511.77],[8319.43, 510.77],[8316.43, 510.77],[8315.43, 510.77],[8312.94, 510.77],[8309.43, 509.77],[8302.43, 508.77],[8300.43, 508.77],[8293.43, 507.77],[8287.93, 506.98],[8287.43, 506.77],[8286.43, 506.63],[8283.43, 505.77],[8276.43, 504.77],[8275.43, 504.77],[8273.43, 504.48],[8267.43, 502.77],[8264.42, 502.34],[8262.43, 501.77],[8260.68, 501.52],[8258.43, 500.77],[8257.43, 500.91],[8253.43, 499.77],[8251.68, 499.52],[8249.43, 498.77],[8247.93, 498.98],[8246.43, 498.77],[8245.43, 498.77],[8243.43, 498.77],[8242.43, 498.77],[8240.43, 498.77],[8239.43, 498.77],[8238.43, 498.77],[8236.43, 498.77],[8235.43, 498.77],[8228.43, 499.77],[8221.43, 501.77],[8219.43, 501.77],[8216.43, 501.77],[8210.43, 501.77],[8209.43, 501.77],[8208.43, 501.77],[8205.43, 501.77],[8203.43, 501.77],[8202.43, 501.77],[8200.43, 501.77],[8193.43, 502.77],[8190.43, 503.63],[8189.43, 503.77],[8188.43, 504.2],[8186.43, 504.77],[8182.43, 506.77],[8180.43, 507.77],[8178.43, 509.77],[8176.43, 510.77],[8175.43, 511.77],[8174.43, 510.77],[8171.43, 507.77],[8169.43, 506.77],[8165.43, 504.77],[8163.43, 504.2],[8162.43, 503.77],[8161.43, 503.63],[8158.43, 502.77],[8151.43, 501.77],[8150.43, 501.77],[8148.69, 501.52],[8146.43, 500.77],[8144.91, 500.99],[8144.45, 500.92],[8140.43, 499.77],[8133.43, 498.77],[8129.43, 498.77],[8122.43, 497.77],[8121.43, 497.77],[8120.43, 497.77],[8116.43, 497.77],[8111.43, 497.77],[8106.43, 497.77],[8104.43, 497.77],[8102.43, 497.77],[8095.43, 498.77],[8091.43, 498.77],[8088.43, 498.77],[8086.93, 498.98],[8085.43, 498.77],[8082.43, 499.63],[8081.43, 499.77],[8077.93, 500.77],[8072.43, 500.77],[8071.43, 500.77],[8069.43, 500.77],[8068.43, 500.91],[8067.43, 500.77],[8060.43, 501.77],[8059.43, 501.77],[8052.43, 502.77],[8045.43, 504.77],[8044.43, 504.77],[8041.43, 504.77],[8040.09, 504.96],[8039.43, 504.77],[8037.1, 504.44],[8030.43, 502.77],[8026.43, 501.77],[8019.43, 500.77],[8014.43, 499.77],[8009.43, 498.77],[8002.43, 497.77],[7997.18, 497.02],[7996.43, 496.77],[7995.43, 496.63],[7992.43, 495.77],[7985.43, 494.77],[7984.43, 494.77],[7982.68, 494.52],[7980.43, 493.77],[7978.93, 493.98],[7977.43, 493.77],[7972.43, 493.77],[7968.43, 493.77],[7965.43, 493.77],[7962.43, 493.77],[7961.43, 493.77],[7960.43, 493.77],[7958.94, 493.77],[7955.43, 492.77],[7948.43, 491.77],[7946.43, 491.2],[7945.43, 490.77],[7944.43, 490.63],[7941.43, 489.77],[7934.43, 488.77],[7932.43, 488.77],[7931.43, 488.77],[7924.43, 487.77],[7922.43, 487.77],[7921.43, 487.77],[7920.43, 487.77],[7919.43, 487.77],[7913.47, 486.92],[7913.46, 486.92],[7909.43, 485.77],[7908.43, 485.63],[7908.41, 485.62],[7905.43, 484.77],[7903.68, 484.52],[7901.43, 483.77],[7899.94, 483.98],[7899.92, 483.98],[7899.43, 483.77],[7896.45, 482.78],[7896.43, 482.77],[7894.43, 481.77],[7892.43, 481.2],[7891.43, 480.77],[7890.43, 480.63],[7887.43, 479.77],[7880.43, 478.77],[7878.43, 478.77],[7877.43, 478.77],[7875.43, 478.77],[7874.43, 478.77],[7871.43, 478.77],[7867.43, 478.77],[7864.43, 478.77],[7860.43, 478.77],[7857.43, 478.77],[7853.43, 478.77],[7848.43, 478.77],[7840.43, 478.77],[7835.43, 478.77],[7827.43, 478.77],[7823.43, 478.77],[7814.43, 478.77],[7811.43, 478.77],[7804.43, 478.77],[7801.43, 478.77],[7800.43, 478.77],[7794.43, 478.77],[7787.43, 477.77],[7780.43, 475.77],[7778.68, 475.52],[7776.43, 474.77],[7775.76, 474.87],[7775.43, 474.77],[7773.43, 474.48],[7767.43, 472.77],[7760.43, 471.77],[7757.43, 471.77],[7753.93, 471.27],[7751.43, 470.77],[7744.43, 468.77],[7737.43, 467.77],[7734.43, 467.77],[7731.43, 467.77],[7729.43, 467.77],[7727.43, 467.77],[7724.43, 467.77],[7721.43, 467.77],[7720.43, 467.77],[7719.43, 467.77],[7717.43, 467.77],[7716.43, 467.77],[7714.43, 467.77],[7713.43, 467.77],[7711.43, 467.77],[7710.43, 467.77],[7709.43, 467.77],[7707.43, 467.77],[7700.43, 468.77],[7696.93, 469.77],[7696.43, 469.77],[7694.43, 469.77],[7690.43, 469.77],[7687.43, 469.77],[7680.43, 469.77],[7676.43, 469.77],[7673.43, 469.77],[7670.93, 469.77],[7667.43, 468.77],[7665.68, 468.52],[7663.43, 467.77],[7661.93, 467.98],[7660.43, 467.77],[7656.43, 467.77],[7649.43, 466.77],[7646.43, 466.77],[7640.43, 466.77],[7637.43, 466.77],[7632.43, 466.77],[7626.43, 466.77],[7622.43, 466.77],[7615.43, 466.77],[7610.43, 466.77],[7603.43, 466.77],[7596.43, 466.77],[7592.43, 466.77],[7585.43, 466.77],[7576.43, 466.77],[7567.43, 466.77],[7563.43, 466.77],[7553.43, 466.77],[7546.43, 466.77],[7539.43, 466.77],[7532.43, 466.77],[7526.43, 466.77],[7525.43, 466.91],[7524.43, 466.77],[7517.43, 467.77],[7516.43, 467.77],[7513.43, 467.77],[7512.43, 467.77],[7510.43, 467.77],[7509.43, 467.77],[7508.43, 467.77],[7506.43, 467.77],[7499.43, 468.77],[7492.43, 470.77],[7488.43, 470.77],[7481.43, 470.77],[7476.43, 470.77],[7468.43, 470.77],[7458.43, 470.77],[7448.43, 470.77],[7438.43, 470.77],[7432.43, 470.77],[7422.43, 470.77],[7419.77, 471.15],[7418.43, 470.77],[7412.84, 469.97],[7412.43, 469.77],[7408.43, 467.77],[7406.43, 467.2],[7405.43, 466.77],[7404.43, 466.63],[7401.43, 465.77],[7400.93, 465.7],[7396.43, 463.77],[7393.43, 463.34],[7391.43, 462.77],[7387.83, 462.17],[7386.43, 461.77],[7379.43, 460.77],[7378.43, 460.77],[7375.43, 460.77],[7374.43, 460.77],[7372.43, 460.77],[7371.43, 460.77],[7368.43, 460.77],[7365.43, 460.77],[7362.43, 460.77],[7355.43, 461.77],[7351.43, 461.77],[7349.43, 461.77],[7345.43, 461.77],[7344.43, 461.77],[7341.43, 461.77],[7339.43, 461.77],[7338.43, 461.77],[7337.43, 461.77],[7335.43, 461.77],[7328.43, 462.77],[7324.93, 463.77],[7324.43, 463.77],[7321.93, 463.77],[7318.43, 462.77],[7316.67, 462.52],[7314.43, 461.77],[7313.1, 461.96],[7312.43, 461.77],[7310.68, 461.52],[7308.43, 460.77],[7306.93, 460.98],[7306.83, 460.97],[7306.43, 460.77],[7304.1, 460.1],[7299.43, 457.77],[7292.43, 455.77],[7289.09, 455.1],[7288.43, 454.77],[7281.43, 452.77],[7274.43, 451.77],[7269.43, 451.06],[7268.43, 450.77],[7262.43, 449.91],[7258.43, 448.77],[7257.43, 448.63]]],[[[10603.43, 2874.77],[10605.09, 2874.44],[10606.43, 2873.77],[10608.1, 2873.77],[10609.43, 2872.77],[10612.43, 2870.77],[10615.43, 2868.77],[10616.14, 2868.63],[10617.43, 2867.77],[10618.14, 2867.63],[10619.43, 2866.77],[10622.28, 2866.2],[10622.29, 2866.2],[10622.93, 2865.77],[10624.43, 2863.77],[10628.43, 2860.77],[10629.78, 2859.87],[10635.41, 2849.45],[10636.43, 2848.77],[10638.44, 2847.27],[10639.43, 2846.77],[10643.43, 2844.77],[10645.43, 2843.77],[10651.43, 2839.77],[10655.43, 2837.77],[10657.1, 2836.1],[10659.43, 2834.77],[10663.43, 2832.77],[10665.43, 2830.77],[10667.43, 2829.77],[10669.43, 2827.77],[10672.43, 2825.77],[10676.43, 2822.77],[10678.43, 2820.77],[10682.43, 2817.77],[10683.43, 2816.77],[10684.43, 2815.77],[10685.43, 2814.77],[10689.43, 2811.77],[10691.43, 2810.77],[10694.43, 2807.77],[10696.43, 2806.27],[10701.43, 2803.77],[10703.43, 2802.77],[10704.43, 2801.77],[10706.18, 2800.02],[10707.43, 2799.77],[10710.43, 2797.77],[10714.43, 2794.77],[10714.96, 2794.06],[10716.43, 2793.77],[10719.43, 2791.77],[10721.43, 2790.77],[10722.43, 2789.77],[10726.43, 2786.77],[10727.43, 2785.77],[10730.43, 2783.77],[10732.43, 2782.77],[10735.43, 2780.77],[10737.43, 2779.77],[10738.43, 2778.77],[10740.43, 2777.77],[10742.43, 2776.77],[10744.43, 2775.77],[10745.43, 2774.77],[10746.29, 2774.2],[10748.43, 2773.77],[10751.43, 2771.77],[10754.43, 2769.77],[10758.43, 2766.77],[10760.43, 2765.77],[10761.43, 2764.77],[10764.43, 2762.77],[10766.43, 2761.77],[10767.43, 2760.77],[10771.43, 2757.77],[10773.43, 2755.77],[10775.43, 2754.77],[10777.43, 2753.77],[10780.43, 2750.77],[10782.93, 2748.9],[10783.43, 2748.77],[10785.43, 2747.27],[10788.43, 2745.77],[10790.43, 2743.77],[10793.43, 2741.77],[10795.43, 2740.27],[10796.43, 2739.77],[10797.43, 2738.77],[10799.43, 2736.77],[10801.43, 2735.27],[10802.43, 2734.77],[10802.86, 2734.2],[10803.43, 2733.77],[10804.43, 2732.77],[10805.43, 2731.77],[10806.43, 2730.77],[10808.43, 2729.77],[10810.43, 2727.77],[10811.43, 2726.77],[10812.43, 2725.77],[10814.43, 2723.77],[10816.23, 2721.37],[10817.43, 2720.77],[10819.43, 2718.77],[10820.43, 2717.77],[10822.43, 2715.77],[10823.43, 2714.77],[10826.43, 2710.77],[10827.43, 2709.77],[10830.43, 2705.77],[10832.43, 2703.77],[10833.43, 2701.77],[10835.43, 2698.77],[10837.43, 2696.77],[10838.43, 2694.77],[10839.43, 2693.77],[10840.43, 2692.77],[10842.43, 2690.77],[10843.43, 2688.77],[10845.43, 2685.77],[10845.49, 2685.48],[10846.43, 2684.77],[10848.43, 2682.77],[10851.43, 2678.77],[10853.43, 2676.77],[10854.43, 2675.77],[10855.43, 2674.77],[10857.43, 2672.77],[10858.42, 2670.78],[10858.43, 2670.77],[10858.93, 2670.01],[10859.43, 2669.77],[10860.43, 2668.77],[10862.43, 2666.77],[10863.43, 2665.77],[10864.43, 2663.77],[10865.43, 2662.77],[10866.43, 2661.77],[10867.43, 2660.77],[10869.43, 2659.77],[10871.43, 2657.77],[10872.43, 2656.77],[10873.43, 2655.77],[10875.43, 2653.77],[10876.43, 2652.77],[10877.43, 2651.77],[10879.43, 2650.77],[10880.43, 2649.77],[10882.43, 2647.77],[10883.43, 2645.78],[10884.94, 2643.76],[10885.76, 2643.1],[10888.43, 2641.77],[10891.43, 2638.77],[10892.43, 2636.77],[10893.43, 2635.77],[10895.43, 2633.77],[10898.43, 2631.77],[10900.43, 2630.77],[10902.43, 2628.77],[10903.43, 2627.77],[10904.43, 2626.77],[10905.43, 2625.44],[10906.43, 2624.77],[10908.43, 2623.77],[10911.43, 2621.77],[10915.43, 2618.77],[10915.93, 2618.1],[10916.43, 2617.77],[10917.29, 2617.2],[10919.43, 2616.77],[10922.43, 2614.77],[10925.43, 2612.77],[10929.43, 2609.77],[10930.43, 2608.77],[10931.43, 2607.77],[10931.86, 2607.2],[10932.43, 2606.77],[10934.43, 2605.77],[10936.43, 2603.77],[10937.43, 2602.77],[10938.43, 2601.77],[10940.14, 2599.48],[10940.16, 2599.47],[10942.43, 2597.77],[10943.72, 2596.06],[10945.43, 2594.77],[10947.43, 2592.77],[10950.43, 2588.77],[10952.43, 2585.77],[10953.16, 2582.13],[10953.43, 2581.77],[10955.43, 2578.77],[10956.43, 2573.77],[10956.43, 2572.77],[10956.43, 2565.77],[10956.43, 2564.77],[10955.43, 2559.77],[10953.43, 2556.77],[10950.43, 2552.77],[10946.43, 2549.77],[10943.43, 2547.77],[10938.43, 2546.77],[10937.43, 2546.77],[10936.43, 2546.77],[10935.43, 2546.77],[10930.43, 2546.77],[10929.43, 2546.77],[10928.43, 2546.77],[10927.43, 2546.77],[10922.43, 2547.77],[10917.43, 2548.77],[10916.43, 2548.77],[10915.43, 2548.77],[10910.43, 2549.77],[10908.43, 2549.77],[10907.1, 2550.44],[10905.43, 2550.77],[10904.43, 2551.44],[10902.43, 2551.77],[10899.43, 2551.77],[10898.43, 2551.77],[10894.43, 2552.77],[10893.43, 2552.77],[10891.43, 2553.77],[10889.43, 2553.77],[10888.1, 2554.44],[10886.43, 2554.77],[10883.43, 2556.77],[10882.43, 2556.77],[10881.43, 2556.77],[10879.43, 2556.77],[10878.43, 2556.77],[10873.43, 2557.77],[10868.43, 2558.77],[10867.57, 2559.34],[10865.43, 2559.77],[10864.14, 2560.63],[10863.43, 2560.77],[10862.57, 2561.34],[10860.43, 2561.77],[10859.14, 2562.63],[10858.43, 2562.77],[10855.43, 2564.77],[10854.7, 2565.32],[10854.69, 2565.32],[10852.43, 2565.77],[10852, 2566.06],[10851.99, 2566.06],[10848.43, 2566.77],[10847.43, 2566.77],[10846.43, 2566.77],[10845.43, 2566.77],[10843.43, 2566.77],[10840.43, 2566.77],[10835.43, 2567.77],[10833.43, 2567.77],[10832.43, 2567.77],[10831.43, 2567.77],[10829.43, 2567.77],[10827.43, 2567.77],[10825.43, 2567.77],[10824.43, 2567.77],[10823.43, 2567.77],[10818.43, 2568.77],[10817.57, 2569.34],[10815.43, 2569.77],[10813.43, 2569.77],[10812.43, 2569.77],[10811.43, 2569.77],[10809.43, 2569.77],[10806.43, 2569.77],[10804.43, 2569.77],[10803.1, 2570.44],[10801.43, 2570.77],[10799.43, 2570.77],[10798.43, 2570.77],[10796.43, 2570.77],[10795.1, 2571.44],[10793.43, 2571.77],[10792.63, 2571.57],[10791.43, 2570.77],[10786.43, 2569.77],[10785.43, 2569.77],[10784.43, 2569.77],[10781.43, 2569.77],[10777.14, 2570.63],[10775.43, 2571.77],[10773.76, 2572.1],[10772.43, 2572.77],[10770.43, 2572.77],[10769.43, 2572.77],[10767.43, 2572.77],[10765.43, 2572.77],[10763.43, 2572.77],[10762.43, 2572.77],[10761.43, 2572.77],[10760.43, 2572.77],[10759.43, 2572.77],[10757.43, 2572.77],[10755.43, 2572.77],[10754.43, 2572.77],[10753.43, 2572.77],[10752.43, 2572.77],[10750.43, 2572.77],[10748.43, 2572.77],[10747.43, 2572.77],[10745.43, 2572.77],[10744.43, 2572.77],[10742.43, 2572.77],[10741.43, 2572.77],[10740.43, 2572.77],[10739.43, 2572.77],[10736.43, 2572.77],[10734.43, 2572.77],[10733.43, 2572.77],[10732.43, 2572.77],[10731.43, 2572.77],[10730.43, 2572.77],[10725.43, 2571.77],[10724.43, 2571.77],[10721.43, 2571.77],[10720.43, 2571.77],[10715.43, 2570.77],[10714.43, 2570.77],[10713.43, 2570.77],[10712.43, 2570.77],[10711.43, 2570.77],[10710.43, 2570.77],[10709.43, 2570.77],[10708.43, 2570.77],[10707.43, 2570.77],[10705.44, 2570.37],[10703.43, 2570.77],[10702.43, 2570.77],[10701.43, 2570.77],[10700.43, 2570.77],[10695.43, 2571.77],[10694.43, 2571.77],[10693.43, 2571.77],[10688.43, 2572.77],[10687.43, 2572.77],[10686.43, 2572.77],[10684.43, 2572.77],[10683.43, 2572.77],[10681.43, 2572.77],[10680.43, 2572.77],[10679.43, 2572.77],[10678.43, 2572.77],[10677.43, 2572.77],[10675.76, 2573.1],[10674.43, 2573.77],[10672.43, 2573.77],[10671.43, 2573.77],[10669.43, 2573.77],[10668.43, 2573.77],[10665.43, 2573.77],[10664.43, 2573.77],[10663.43, 2573.77],[10661.43, 2573.77],[10660.43, 2573.77],[10657.43, 2573.77],[10656.43, 2573.77],[10653.43, 2573.77],[10652.43, 2573.77],[10651.43, 2573.77],[10650.43, 2573.77],[10645.43, 2572.77],[10643.43, 2572.77],[10641.43, 2572.77],[10640.43, 2572.77],[10635.43, 2571.77],[10633.43, 2570.77],[10632.43, 2570.77],[10631.43, 2570.77],[10630.43, 2570.77],[10627.43, 2570.77],[10623.43, 2570.77],[10621.43, 2570.77],[10620.43, 2570.77],[10615.43, 2569.77],[10614.43, 2569.77],[10612.43, 2569.77],[10608.43, 2569.77],[10605.43, 2569.77],[10604.43, 2569.77],[10599.43, 2568.77],[10597.43, 2568.77],[10595.43, 2568.77],[10594.43, 2568.77],[10589.43, 2567.77],[10586.43, 2567.77],[10584.43, 2567.77],[10582.43, 2567.77],[10581.43, 2567.77],[10580.43, 2567.77],[10578.43, 2567.77],[10577.43, 2567.77],[10576.43, 2567.77],[10574.43, 2567.77],[10573.43, 2567.77],[10572.43, 2567.77],[10570.43, 2567.77],[10569.43, 2567.77],[10568.43, 2567.77],[10566.43, 2567.77],[10565.43, 2567.77],[10562.43, 2567.77],[10561.43, 2567.77],[10558.43, 2567.77],[10555.43, 2567.77],[10553.43, 2567.77],[10552.1, 2567.1],[10550.43, 2566.77],[10549.43, 2566.77],[10547.43, 2566.77],[10546.43, 2566.77],[10545.43, 2566.77],[10544.43, 2566.77],[10543.43, 2566.77],[10541.43, 2566.77],[10539.43, 2566.77],[10538.43, 2566.77],[10536.43, 2566.77],[10531.43, 2565.77],[10530.43, 2565.77],[10525.43, 2564.77],[10524.14, 2563.91],[10523.43, 2563.77],[10522.43, 2563.77],[10521.09, 2563.1],[10519.43, 2562.77],[10517.43, 2562.77],[10516.43, 2562.77],[10512.43, 2561.77],[10511.43, 2561.77],[10509.43, 2560.77],[10508.43, 2560.77],[10507.43, 2560.77],[10503.43, 2559.77],[10502.43, 2559.77],[10501.43, 2559.77],[10498.43, 2559.77],[10494.43, 2559.77],[10493.43, 2559.77],[10489.43, 2558.77],[10486.43, 2558.77],[10483.43, 2558.77],[10479.43, 2558.77],[10478.43, 2558.77],[10474.43, 2557.77],[10473.43, 2557.77],[10472.43, 2557.77],[10470.43, 2557.77],[10469.43, 2557.77],[10468.43, 2557.77],[10466.43, 2557.77],[10465.43, 2557.77],[10464.43, 2557.77],[10462.43, 2557.77],[10461.43, 2557.77],[10460.43, 2557.77],[10458.43, 2557.77],[10457.43, 2557.77],[10456.43, 2557.77],[10454.43, 2557.77],[10449.43, 2556.77],[10448.14, 2555.91],[10447.43, 2555.77],[10442.43, 2554.77],[10441.43, 2554.77],[10439.43, 2554.77],[10437.43, 2554.77],[10436.43, 2554.77],[10435.43, 2554.77],[10433.43, 2554.77],[10432.72, 2554.91],[10431.43, 2555.77],[10430.98, 2555.86],[10428.43, 2557.77],[10427.43, 2558.77],[10426.93, 2558.77],[10425.43, 2559.77],[10422.93, 2560.27],[10422.43, 2560.77],[10420.43, 2560.77],[10411.43, 2560.77],[10409.76, 2561.1],[10408.43, 2561.77],[10407.43, 2561.77],[10402.43, 2562.77],[10401.93, 2562.77],[10400.43, 2563.77],[10398.51, 2564.15],[10397.43, 2565.77],[10396.57, 2567.05],[10396.57, 2567.06],[10396.43, 2567.77],[10395.57, 2569.05],[10395.57, 2569.06],[10395.43, 2569.77],[10394.86, 2570.63],[10394.43, 2572.77],[10393.57, 2574.05],[10393.57, 2574.06],[10393.43, 2574.77],[10392.57, 2576.05],[10392.57, 2576.06],[10392.43, 2576.77],[10391.57, 2578.05],[10391.57, 2578.06],[10391.43, 2578.77],[10389.43, 2581.77],[10388.86, 2582.63],[10388.43, 2584.77],[10387, 2586.92],[10386.43, 2589.77],[10385.86, 2590.63],[10385.43, 2592.77],[10384.57, 2594.05],[10384.57, 2594.06],[10384.43, 2594.77],[10383.86, 2595.63],[10383.43, 2597.77],[10382.57, 2599.05],[10382.57, 2599.06],[10382.43, 2599.77],[10381.86, 2600.63],[10381.43, 2602.77],[10380.57, 2604.05],[10380.57, 2604.06],[10380.43, 2604.77],[10379.86, 2605.63],[10379.43, 2607.77],[10378.57, 2609.06],[10378.43, 2609.77],[10377.43, 2614.77],[10376.77, 2616.1],[10376.43, 2617.77],[10375.57, 2619.06],[10375.43, 2619.77],[10375.14, 2620.2],[10374.43, 2623.77],[10373.43, 2625.27],[10373.43, 2626.77],[10373.43, 2628.77],[10373.43, 2629.77],[10372.43, 2634.77],[10371.88, 2635.59],[10371.43, 2638.77],[10371.43, 2639.77],[10370.43, 2644.77],[10370.43, 2647.77],[10370.43, 2649.77],[10369.43, 2654.77],[10368.43, 2656.27],[10368.43, 2657.77],[10367.76, 2659.1],[10367.43, 2660.77],[10366.29, 2662.48],[10365.43, 2666.77],[10364.43, 2668.27],[10364.43, 2668.77],[10363.43, 2670.77],[10362.43, 2672.77],[10362.43, 2674.77],[10361.76, 2676.1],[10361.43, 2677.77],[10360.86, 2678.63],[10360.43, 2680.77],[10358.72, 2683.34],[10358.43, 2684.77],[10357.86, 2685.63],[10357.43, 2687.77],[10356.43, 2689.27],[10356.43, 2689.77],[10355.76, 2691.1],[10355.43, 2692.77],[10353.43, 2695.77],[10352.43, 2700.77],[10351.63, 2701.97],[10351.43, 2702.77],[10349.83, 2706.77],[10349.43, 2708.77],[10347.43, 2711.77],[10345.43, 2714.44],[10345.43, 2714.77],[10344.77, 2716.1],[10344.43, 2717.77],[10343.57, 2719.06],[10343.43, 2719.77],[10341.43, 2722.77],[10340.43, 2724.77],[10338.43, 2726.77],[10337.43, 2727.77],[10336.43, 2729.77],[10334.43, 2732.77],[10332.43, 2735.77],[10331.43, 2737.77],[10329.43, 2739.77],[10328.43, 2741.77],[10327.43, 2742.77],[10325.43, 2744.77],[10323.43, 2748.77],[10321.93, 2750.77],[10321.43, 2751.77],[10320.43, 2753.28],[10320.43, 2754.77],[10319.77, 2756.1],[10319.43, 2757.77],[10319.15, 2758.19],[10319.14, 2758.2],[10318.43, 2761.77],[10316.43, 2764.77],[10316.03, 2765.77],[10315.43, 2768.77],[10314.86, 2769.63],[10314.43, 2771.77],[10313.43, 2773.27],[10313.43, 2773.77],[10312.76, 2775.11],[10312.43, 2776.77],[10312.03, 2777.37],[10311.43, 2779.77],[10310.23, 2782.77],[10309.43, 2786.77],[10307.43, 2789.77],[10306.77, 2791.1],[10306.43, 2792.77],[10305.57, 2794.06],[10305.43, 2794.77],[10304.77, 2796.1],[10304.43, 2797.77],[10304.15, 2798.19],[10304.14, 2798.2],[10303.43, 2801.77],[10303.14, 2802.2],[10302.43, 2805.77],[10302.03, 2806.37],[10301.43, 2808.77],[10301.43, 2809.77],[10300.43, 2811.77],[10299.43, 2813.77],[10298.43, 2815.77],[10297.43, 2820.77],[10296.86, 2821.63],[10296.43, 2823.77],[10295.43, 2825.27],[10295.43, 2825.77],[10295.43, 2827.77],[10294.43, 2832.77],[10292.72, 2835.34],[10292.43, 2836.77],[10291.43, 2838.77],[10289.43, 2842.77],[10289.43, 2843.77],[10289.43, 2846.77],[10289.43, 2848.77],[10288.76, 2850.1],[10288.43, 2851.77],[10288.14, 2852.2],[10287.43, 2855.77],[10287.43, 2856.77],[10287.43, 2859.77],[10287.43, 2860.77],[10287.43, 2861.77],[10287.43, 2864.77],[10287.43, 2866.77],[10287.43, 2867.77],[10287.43, 2868.77],[10288.43, 2872.77],[10288.43, 2873.77],[10288.76, 2875.44],[10289.43, 2876.77],[10289.43, 2878.77],[10290.43, 2883.77],[10291.43, 2887.77],[10292.43, 2891.77],[10292.43, 2892.77],[10292.43, 2895.77],[10292.43, 2899.77],[10292.43, 2900.77],[10292.43, 2903.77],[10292.43, 2904.77],[10292.43, 2907.77],[10292.43, 2908.77],[10292.43, 2909.77],[10292.43, 2912.77],[10292.43, 2914.77],[10292.43, 2915.77],[10292.43, 2917.77],[10292.43, 2920.77],[10292.43, 2922.77],[10292.43, 2923.77],[10292.43, 2924.77],[10292.76, 2926.43],[10293.43, 2927.77],[10293.43, 2928.77],[10294.43, 2933.77],[10294.43, 2934.77],[10294.76, 2936.44],[10295.43, 2937.77],[10295.43, 2939.77],[10295.43, 2941.77],[10295.43, 2943.77],[10295.43, 2946.77],[10295.43, 2948.77],[10296.43, 2953.77],[10297.43, 2958.77],[10297.43, 2959.77],[10298.14, 2963.34],[10298.43, 2963.77],[10298.76, 2965.43],[10299.43, 2966.77],[10299.43, 2967.77],[10299.77, 2969.44],[10300.43, 2970.77],[10301.43, 2975.77],[10301.43, 2976.27],[10302.43, 2977.77],[10302.76, 2979.44],[10303.43, 2980.77],[10303.43, 2982.77],[10303.43, 2984.77],[10303.43, 2986.77],[10303.86, 2988.91],[10304.43, 2989.77],[10304.77, 2991.44],[10305.43, 2992.77],[10305.86, 2994.91],[10306.43, 2995.77],[10306.86, 2997.91],[10307.43, 2998.77],[10308.43, 3003.77],[10309.14, 3007.34],[10309.15, 3007.35],[10309.43, 3007.77],[10310.14, 3011.34],[10310.15, 3011.35],[10310.43, 3011.77],[10311.43, 3016.77],[10311.43, 3017.77],[10311.43, 3018.77],[10312.43, 3023.77],[10312.43, 3024.77],[10312.43, 3025.77],[10312.43, 3026.77],[10312.43, 3027.26],[10313.43, 3028.77],[10313.57, 3029.48],[10313.57, 3029.49],[10314.43, 3030.77],[10314.57, 3031.48],[10314.57, 3031.49],[10315.43, 3032.77],[10315.72, 3034.2],[10317.43, 3036.77],[10317.86, 3038.91],[10318.43, 3039.77],[10318.57, 3040.48],[10318.57, 3040.49],[10319.43, 3041.77],[10320.14, 3045.34],[10320.15, 3045.35],[10320.43, 3045.77],[10320.57, 3046.48],[10320.57, 3046.49],[10321.43, 3047.77],[10322.43, 3047.77],[10323.43, 3047.77],[10324.43, 3047.77],[10329.43, 3048.77],[10330.43, 3048.77],[10331.43, 3048.77],[10332.43, 3048.77],[10333.43, 3048.77],[10334.43, 3048.77],[10335.43, 3048.77],[10336.43, 3048.77],[10337.43, 3048.77],[10338.43, 3048.77],[10340.43, 3048.77],[10341.43, 3048.77],[10342.43, 3048.77],[10343.43, 3048.77],[10344.43, 3048.77],[10345.43, 3048.77],[10346.43, 3048.77],[10347.14, 3048.63],[10348.43, 3047.77],[10351.43, 3045.77],[10352.14, 3045.63],[10353.43, 3044.77],[10356.43, 3042.77],[10356.72, 3042.71],[10357.43, 3041.77],[10361.43, 3038.77],[10364.43, 3036.77],[10366.43, 3034.77],[10367.43, 3033.77],[10368.1, 3033.44],[10368.43, 3032.77],[10370.43, 3030.77],[10371.43, 3029.77],[10373.14, 3028.48],[10374.43, 3026.77],[10375.43, 3025.77],[10377.14, 3024.48],[10378.43, 3022.77],[10379.43, 3021.77],[10383.43, 3018.77],[10384.43, 3017.77],[10385.43, 3016.77],[10386.22, 3016.38],[10387.43, 3014.77],[10390.29, 3012.63],[10390.3, 3012.62],[10392.43, 3009.77],[10393, 3009.34],[10393.43, 3008.77],[10395.72, 3007.06],[10395.73, 3007.04],[10397.43, 3004.77],[10398.57, 3003.91],[10399.43, 3002.77],[10400, 3002.34],[10400.43, 3001.77],[10403.43, 2997.77],[10404, 2997.34],[10404.43, 2996.77],[10405.1, 2996.27],[10405.43, 2995.77],[10408.43, 2991.77],[10409, 2991.34],[10409.43, 2990.77],[10413.43, 2987.77],[10416.43, 2985.77],[10417.43, 2984.77],[10418.43, 2983.77],[10419.43, 2982.77],[10419.43, 2981.77],[10419.43, 2980.77],[10419.43, 2977.77],[10419.43, 2976.77],[10419.43, 2975.77],[10419.43, 2974.77],[10419.43, 2973.77],[10419.43, 2972.77],[10420.43, 2967.77],[10421.29, 2966.48],[10421.43, 2965.77],[10423.43, 2962.77],[10424.93, 2960.77],[10425.43, 2959.77],[10426.43, 2958.77],[10429.43, 2954.77],[10431.14, 2953.48],[10432.43, 2951.77],[10433.43, 2949.77],[10434.43, 2948.77],[10436.43, 2946.77],[10437.43, 2945.77],[10438.43, 2944.77],[10439.43, 2943.77],[10440.43, 2941.77],[10442.43, 2939.77],[10445.43, 2935.77],[10446, 2935.34],[10446.43, 2934.77],[10449.43, 2930.77],[10453.43, 2927.77],[10456.43, 2925.77],[10457.14, 2925.63],[10458.43, 2924.77],[10463.43, 2923.77],[10464.43, 2923.77],[10466.57, 2923.34],[10467.43, 2922.77],[10472.43, 2921.77],[10472.93, 2921.77],[10474.43, 2920.77],[10476.57, 2920.34],[10477.43, 2919.77],[10480.43, 2917.77],[10484, 2917.06],[10484.43, 2916.77],[10486.1, 2916.44],[10487.43, 2915.77],[10489.43, 2915.77],[10490.43, 2915.77],[10495.43, 2914.77],[10497.43, 2914.77],[10499.43, 2913.77],[10501.57, 2913.34],[10502.43, 2912.77],[10507.43, 2911.77],[10508.43, 2911.77],[10510.43, 2910.77],[10512.43, 2909.77],[10512.93, 2909.77],[10514.43, 2908.77],[10516.1, 2908.44],[10517.43, 2907.77],[10519.43, 2907.77],[10520.93, 2907.77],[10522.43, 2906.77],[10527.43, 2905.77],[10528.43, 2905.77],[10528.93, 2905.65],[10531.43, 2903.77],[10534.43, 2901.77],[10537.43, 2901.17],[10538.43, 2900.77],[10540.43, 2900.27],[10543.43, 2898.77],[10545.43, 2898.77],[10547.43, 2897.77],[10551.43, 2895.77],[10552.43, 2895.77],[10556.43, 2894.77],[10560.43, 2892.77],[10560.93, 2892.77],[10562.43, 2891.77],[10564.1, 2891.44],[10565.43, 2890.77],[10567.43, 2890.77],[10569.43, 2889.77],[10571.43, 2889.77],[10577.43, 2886.77],[10578.93, 2886.77],[10580.43, 2885.77],[10583.43, 2883.77],[10587.72, 2882.91],[10589.43, 2881.77],[10590.14, 2881.63],[10591.43, 2880.77],[10592.86, 2880.48],[10595.43, 2878.77],[10597.1, 2878.43],[10598.43, 2877.77],[10601.43, 2875.77],[10602.15, 2875.62],[10603.43, 2874.77]]],[[[7966.43, 4901.77],[7969.43, 4904.77],[7973.43, 4908.77],[7975.64, 4910.66],[7976.43, 4911.77],[7978.43, 4913.77],[7982.43, 4917.77],[7989.43, 4921.77],[7990.1, 4922.3],[7990.43, 4922.77],[7994.43, 4926.77],[7995.43, 4927.77],[7997.43, 4929.77],[8001.43, 4933.77],[8006.1, 4936.44],[8008.43, 4938.77],[8015.43, 4942.77],[8018.43, 4944.77],[8024.43, 4948.2],[8029.43, 4951.77],[8030.66, 4952.08],[8034.43, 4954.77],[8036.41, 4955.76],[8036.43, 4955.77],[8036.44, 4955.77],[8036.45, 4955.77],[8037.1, 4956.1],[8039.43, 4957.77],[8041.28, 4958.23],[8043.43, 4959.77],[8050.43, 4964.77],[8054.74, 4965.85],[8057.43, 4967.77],[8060.1, 4968.44],[8062.43, 4969.77],[8064.27, 4970.23],[8066.43, 4971.77],[8069.53, 4972.54],[8070.43, 4973.06],[8071.43, 4973.77],[8073.43, 4974.77],[8077.43, 4976.77],[8078.08, 4977.1],[8080.43, 4978.77],[8081.66, 4979.08],[8085.43, 4981.77],[8088.82, 4982.62],[8090.43, 4983.77],[8092.43, 4984.27],[8093.43, 4984.77],[8095.75, 4985.29],[8096.43, 4985.77],[8101.43, 4987.02],[8103.43, 4987.77],[8107.43, 4988.77],[8111.92, 4989.27],[8113.43, 4989.77],[8122.43, 4991.77],[8129.43, 4993.77],[8137.43, 4995.77],[8139.42, 4995.77],[8141.43, 4996.77],[8150.43, 4999.77],[8153.43, 5000.77],[8159.43, 5002.1],[8164.43, 5003.77],[8165.31, 5003.96],[8166.43, 5004.77],[8174.43, 5006.77],[8178.03, 5007.17],[8184.43, 5008.77],[8193.43, 5009.77],[8194.43, 5009.77],[8197.63, 5010.17],[8199.43, 5010.77],[8208.43, 5012.77],[8212.43, 5013.77],[8217.82, 5014.37],[8221.89, 5015.39],[8222.43, 5015.77],[8230.43, 5017.77],[8235.8, 5018.37],[8235.89, 5018.39],[8236.43, 5018.77],[8244.43, 5020.77],[8247.53, 5021.11],[8250.43, 5022.77],[8258.43, 5024.77],[8267.43, 5025.77],[8269.43, 5025.77],[8277.43, 5027.77],[8279.23, 5027.97],[8279.24, 5027.97],[8286.43, 5029.77],[8295.43, 5030.77],[8299.43, 5030.77],[8304.43, 5030.77],[8306.43, 5030.77],[8311.43, 5030.77],[8313.43, 5030.77],[8314.43, 5030.77],[8318.43, 5030.77],[8321.43, 5030.77],[8323.43, 5030.77],[8325.43, 5030.77],[8329.43, 5030.77],[8330.43, 5030.77],[8332.43, 5030.77],[8336.43, 5030.77],[8337.43, 5030.77],[8339.43, 5030.77],[8341.43, 5030.77],[8343.43, 5030.77],[8344.43, 5030.77],[8346.43, 5030.77],[8348.43, 5030.77],[8357.43, 5029.77],[8361.43, 5028.77],[8363.43, 5028.77],[8366.43, 5028.1],[8369.43, 5027.77],[8373.43, 5026.77],[8376.43, 5026.77],[8380.93, 5025.77],[8388.43, 5025.77],[8397.43, 5024.77],[8404.63, 5022.97],[8404.64, 5022.97],[8406.43, 5022.77],[8414.43, 5020.77],[8417.12, 5018.85],[8417.43, 5018.77],[8419.59, 5017.23],[8421.43, 5016.77],[8433.28, 5008.31],[8435.43, 5007.77],[8437.43, 5007.77],[8441.43, 5007.77],[8445.43, 5007.77],[8446.43, 5007.77],[8455.43, 5006.77],[8460.23, 5005.57],[8467.43, 5004.77],[8475.43, 5002.77],[8476.51, 5002],[8481.43, 5000.77],[8481.97, 5000.39],[8484.43, 4999.77],[8486.58, 4998.23],[8486.59, 4998.23],[8488.43, 4997.77],[8502.43, 4987.77],[8505.06, 4984.09],[8505.43, 4983.77],[8515.43, 4969.77],[8515.51, 4969.46],[8517.43, 4966.77],[8519.43, 4958.77],[8520.43, 4949.77],[8520.43, 4947.77],[8520.43, 4945.77],[8520.43, 4944.77],[8519.43, 4935.77],[8517.43, 4927.77],[8515.89, 4925.62],[8515.89, 4925.61],[8515.43, 4923.77],[8513.51, 4921.08],[8513.43, 4920.77],[8512.66, 4919.69],[8512.43, 4918.77],[8502.43, 4904.77],[8501.26, 4903.94],[8501.25, 4903.93],[8500.43, 4902.77],[8486.43, 4892.77],[8485.2, 4892.46],[8481.43, 4889.77],[8480.51, 4889.54],[8479.43, 4888.77],[8477.43, 4886.77],[8475.68, 4885.52],[8474.43, 4883.77],[8473.26, 4882.94],[8473.25, 4882.93],[8472.43, 4881.77],[8458.43, 4871.77],[8456.59, 4871.31],[8455.43, 4870.48],[8453.43, 4868.77],[8446.43, 4863.77],[8445.17, 4863.3],[8444.43, 4862.77],[8443.93, 4862.27],[8441.43, 4858.77],[8437.43, 4854.77],[8435.43, 4852.77],[8434.16, 4852.04],[8431.43, 4849.77],[8429.83, 4849.17],[8428.43, 4847.77],[8426.43, 4845.77],[8425.95, 4845.49],[8425.43, 4844.77],[8421.43, 4840.77],[8419.43, 4838.77],[8416.42, 4837.05],[8412.47, 4834.23],[8412.46, 4834.22],[8411.43, 4832.77],[8407.43, 4828.77],[8405.43, 4826.77],[8401.4, 4824.46],[8400.43, 4823.77],[8399.47, 4823.36],[8399.07, 4823.13],[8397.43, 4821.77],[8393.86, 4819.63],[8390.43, 4816.77],[8387.1, 4815.1],[8385.38, 4813.87],[8384.43, 4812.77],[8377.43, 4807.77],[8375.43, 4806.91],[8372.43, 4804.77],[8370.28, 4804.23],[8369.63, 4803.77],[8368.43, 4802.77],[8367.76, 4802.44],[8365.43, 4800.77],[8357.43, 4796.77],[8355.39, 4796.32],[8354.43, 4795.77],[8351.78, 4794.59],[8346.43, 4790.77],[8338.43, 4786.77],[8334.79, 4785.41],[8333.1, 4784.44],[8332.43, 4783.77],[8325.43, 4778.77],[8321.43, 4776.77],[8318.25, 4774.95],[8314.43, 4771.77],[8307.43, 4766.77],[8305.25, 4765.95],[8301.43, 4763.77],[8295.43, 4760.77],[8293.43, 4758.77],[8287.43, 4753.77],[8284.1, 4752.1],[8279.43, 4748.77],[8275.87, 4747.88],[8270.43, 4744.77],[8268.43, 4743.77],[8265.43, 4742.27],[8262.43, 4739.77],[8259.76, 4738.44],[8257.43, 4736.77],[8254.76, 4735.77],[8252.43, 4733.77],[8249.43, 4730.77],[8242.43, 4725.77],[8238.43, 4723.77],[8234.43, 4721.77],[8230.43, 4719.77],[8223.83, 4717.57],[8222.43, 4716.77],[8219.43, 4715.27],[8215.43, 4712.77],[8209.94, 4709.63],[8205.43, 4705.77],[8198.43, 4700.77],[8194.43, 4698.77],[8193.43, 4697.77],[8186.43, 4692.77],[8182.43, 4690.77],[8178.61, 4688.59],[8176.43, 4686.77],[8171.43, 4683.77],[8170.28, 4683.34],[8167.43, 4681.44],[8165.43, 4679.77],[8160.43, 4676.77],[8159.29, 4676.34],[8158.43, 4675.77],[8151.43, 4671.77],[8149.43, 4671.27],[8148.43, 4670.77],[8147.68, 4670.52],[8145.93, 4669.27],[8145.43, 4668.77],[8138.43, 4663.77],[8135.76, 4662.44],[8133.43, 4660.77],[8131.43, 4660.27],[8130.43, 4659.77],[8127.43, 4658.77],[8126.2, 4658.5],[8121.43, 4655.77],[8118.76, 4655.1],[8116.43, 4653.77],[8115.51, 4653.54],[8114.43, 4652.77],[8108.21, 4651.21],[8107.43, 4650.77],[8105.43, 4650.27],[8104.43, 4649.77],[8102.63, 4649.17],[8098.43, 4646.77],[8090.43, 4644.77],[8087.64, 4644.46],[8086.43, 4643.77],[8084.43, 4643.27],[8081.43, 4641.77],[8078.7, 4640.68],[8077.43, 4639.77],[8069.43, 4637.77],[8063.98, 4637.16],[8063.43, 4636.77],[8057.21, 4635.21],[8056.43, 4634.77],[8054.59, 4634.31],[8052.43, 4632.77],[8044.43, 4630.77],[8043.73, 4630.69],[8042.43, 4629.77],[8040.58, 4629.31],[8038.43, 4627.77],[8035.05, 4626.92],[8033.43, 4625.77],[8030.42, 4625.02],[8028.64, 4624.35],[8026.43, 4622.77],[8024.28, 4622.23],[8022.93, 4621.27],[8019.43, 4617.77],[8017.43, 4615.77],[8016.93, 4615.27],[8014.43, 4611.77],[8013.93, 4611.27],[8012.43, 4608.77],[8011.01, 4607.06],[8010.97, 4606.91],[8010.43, 4606.77],[8004.03, 4605.17],[8000.43, 4604.77],[7992.43, 4602.77],[7990.36, 4601.29],[7988.32, 4600.55],[7988.17, 4600.52],[7981.43, 4599.77],[7973.43, 4597.77],[7966.43, 4593.77],[7965.83, 4593.37],[7959.43, 4591.77],[7956.85, 4589.93],[7956.43, 4589.77],[7955.76, 4589.44],[7954.14, 4588.85],[7953.43, 4588.77],[7945.43, 4586.77],[7942.11, 4584.4],[7940.85, 4583.93],[7939.43, 4583.77],[7931.43, 4581.77],[7926.58, 4578.31],[7920.43, 4576.77],[7918.81, 4575.62],[7915.43, 4574.77],[7913.28, 4573.23],[7911.43, 4572.77],[7902.12, 4566.12],[7902.1, 4566.1],[7901.43, 4565.77],[7899.43, 4564.77],[7897.87, 4563.88],[7897.43, 4563.77],[7896.43, 4563.06],[7892.43, 4560.77],[7885.43, 4555.77],[7883.43, 4553.77],[7880.76, 4551.1],[7879.99, 4550.66],[7872.43, 4548.77],[7871.61, 4548.68],[7868.43, 4547.77],[7861.43, 4545.77],[7860.43, 4545.52],[7858.43, 4544.77],[7848.74, 4542.69],[7841.43, 4539.77],[7839.43, 4539.27],[7838.43, 4538.77],[7830.43, 4536.77],[7821.43, 4535.77],[7811, 4534.47],[7810.49, 4534.24],[7808.43, 4532.77],[7803.43, 4531.52],[7801.43, 4530.77],[7799.18, 4530.52],[7789.52, 4528.59],[7785.43, 4526.77],[7777.43, 4523.77],[7766.79, 4521.32],[7760.43, 4518.77],[7758.43, 4518.27],[7754.43, 4516.77],[7747.46, 4515.22],[7745.43, 4513.77],[7737.43, 4511.77],[7731.93, 4511.08],[7728.43, 4509.77],[7721.07, 4508.13],[7720.43, 4507.77],[7711.43, 4503.77],[7707.43, 4501.77],[7699.63, 4499.17],[7695.43, 4496.77],[7692.43, 4495.27],[7689.43, 4492.77],[7682.43, 4487.77],[7679.9, 4486.82],[7678.43, 4485.77],[7674.43, 4484.77],[7670.43, 4483.77],[7666.43, 4482.77],[7661.43, 4482.77],[7657.43, 4482.77],[7654.23, 4483.57],[7652.43, 4483.77],[7644.43, 4485.77],[7641.85, 4487.61],[7641.43, 4487.77],[7633.43, 4492.77],[7630.43, 4495.77],[7627.43, 4498.77],[7622.43, 4505.77],[7621.48, 4508.3],[7620.43, 4509.77],[7619.43, 4513.77],[7618.43, 4517.77],[7617.43, 4521.77],[7617.43, 4526.77],[7617.43, 4528.77],[7617.43, 4530.77],[7617.83, 4532.37],[7618.43, 4537.77],[7620.43, 4545.77],[7630.43, 4559.77],[7634.23, 4562.48],[7634.23, 4562.49],[7634.43, 4562.77],[7634.72, 4562.98],[7637.43, 4566.77],[7644.43, 4571.77],[7651.43, 4576.77],[7658.43, 4581.77],[7660.43, 4583.77],[7662.43, 4585.77],[7669.43, 4590.77],[7673.43, 4593.06],[7674.43, 4593.77],[7674.87, 4593.88],[7676.43, 4594.77],[7678.43, 4596.77],[7682.42, 4599.05],[7683.43, 4599.77],[7684.1, 4600.06],[7688.43, 4603.77],[7694.43, 4607.77],[7695.43, 4608.77],[7699.43, 4612.77],[7701.43, 4614.77],[7701.75, 4614.95],[7702.43, 4615.77],[7703.9, 4617.03],[7704.43, 4617.77],[7705.15, 4618.29],[7705.43, 4618.77],[7709.43, 4622.77],[7711.43, 4624.77],[7712.15, 4625.29],[7712.43, 4625.77],[7714.43, 4627.77],[7717.1, 4630.44],[7718.43, 4632.77],[7722.43, 4636.77],[7724.43, 4638.77],[7725.53, 4639.55],[7727.43, 4641.77],[7729.43, 4643.77],[7732.93, 4647.27],[7735.43, 4650.77],[7737.58, 4652.62],[7739.43, 4654.77],[7742.75, 4657.14],[7743.28, 4657.76],[7744.7, 4659.75],[7746.43, 4662.77],[7748.43, 4664.77],[7752.43, 4668.77],[7753.43, 4669.77],[7754.43, 4670.77],[7754.83, 4671.17],[7755.43, 4672.77],[7757.7, 4675.5],[7758.43, 4676.77],[7760.43, 4678.77],[7764.43, 4682.77],[7767.93, 4686.27],[7770.43, 4689.77],[7773, 4692.77],[7774.43, 4694.77],[7779.43, 4701.77],[7781.43, 4703.77],[7784.43, 4706.77],[7785.43, 4707.77],[7785.93, 4708.27],[7788.43, 4711.77],[7790.43, 4713.77],[7790.76, 4714.1],[7793.43, 4718.77],[7795.43, 4720.77],[7797.43, 4722.77],[7799.43, 4724.77],[7800.43, 4725.77],[7806.43, 4732.77],[7813.43, 4738.77],[7814.43, 4739.77],[7820.43, 4746.77],[7824.43, 4750.77],[7826.66, 4752.68],[7828.43, 4755.77],[7830.43, 4757.77],[7832.76, 4760.1],[7835.43, 4764.77],[7840.43, 4769.77],[7844.43, 4776.77],[7846.43, 4778.77],[7849.86, 4782.77],[7853.43, 4787.77],[7854.1, 4788.44],[7855.43, 4790.77],[7859.43, 4794.77],[7861.43, 4796.77],[7861.79, 4797.03],[7861.99, 4797.26],[7863.43, 4799.77],[7865.43, 4801.77],[7869.43, 4805.77],[7871.43, 4807.77],[7871.91, 4808.05],[7872.43, 4808.77],[7876.43, 4812.77],[7878.43, 4814.77],[7878.85, 4815.01],[7880.43, 4817.77],[7882.64, 4819.67],[7883.43, 4820.77],[7886.34, 4822.85],[7888.43, 4825.77],[7890.43, 4827.77],[7892.43, 4829.77],[7899.43, 4835.77],[7902.43, 4837.77],[7903.43, 4838.77],[7903.67, 4838.94],[7906.43, 4843.77],[7910.43, 4847.77],[7911.43, 4848.77],[7912.43, 4849.77],[7913.43, 4850.77],[7915.99, 4852.6],[7920.43, 4857.77],[7922.43, 4859.77],[7924.43, 4861.77],[7926.43, 4863.77],[7927.43, 4864.77],[7932.43, 4869.77],[7939.43, 4874.77],[7941.09, 4876.43],[7942.43, 4878.77],[7944.43, 4880.77],[7948.43, 4884.77],[7949.07, 4885.23],[7949.43, 4885.77],[7952, 4888.77],[7953.43, 4890.77],[7955.43, 4892.77],[7959.43, 4896.77],[7964.1, 4899.44],[7966.43, 4901.77]]],[[[11839.43, 6377.77],[11848.43, 6377.77],[11851.43, 6376.91],[11853.43, 6376.77],[11860.43, 6374.77],[11862.43, 6374.77],[11871.43, 6374.77],[11872.43, 6374.77],[11877.43, 6374.77],[11886.43, 6374.77],[11889.43, 6373.91],[11891.43, 6373.77],[11898.42, 6371.77],[11903.43, 6371.77],[11909.43, 6371.77],[11911.36, 6371.63],[11913.43, 6371.77],[11917.43, 6371.2],[11923.43, 6370.77],[11926.43, 6369.91],[11927.43, 6369.77],[11931.43, 6368.77],[11939.43, 6368.77],[11942.43, 6367.91],[11944.43, 6367.77],[11951.43, 6365.77],[11955.43, 6365.2],[11961.43, 6364.77],[11964.43, 6363.91],[11965.43, 6363.77],[11969.83, 6362.67],[11982.43, 6361.77],[11985.23, 6360.97],[11986.43, 6360.77],[11988.43, 6360.77],[11990.36, 6360.63],[11992.43, 6360.77],[11996.43, 6360.2],[12002.43, 6359.77],[12005.43, 6358.91],[12006.43, 6358.77],[12010.43, 6357.77],[12018.43, 6357.77],[12024.43, 6357.77],[12029.43, 6357.77],[12038.43, 6357.77],[12041.43, 6356.91],[12043.43, 6356.77],[12050.42, 6354.77],[12056.43, 6354.77],[12062.43, 6354.77],[12073.43, 6354.77],[12079.43, 6354.77],[12085.43, 6354.77],[12091.43, 6354.77],[12097.43, 6354.77],[12108.43, 6354.77],[12114.43, 6354.77],[12120.43, 6354.77],[12129.43, 6354.77],[12135.43, 6354.77],[12137.43, 6354.77],[12144.43, 6356.77],[12146.43, 6356.91],[12149.43, 6357.77],[12158.43, 6357.77],[12163.43, 6357.77],[12170.43, 6357.77],[12170.76, 6357.77],[12174.43, 6358.77],[12177.43, 6359.2],[12179.43, 6359.77],[12183.43, 6360.06],[12188.43, 6360.77],[12193.43, 6360.77],[12202.43, 6360.77],[12217.43, 6360.77],[12231.43, 6360.77],[12243.43, 6360.77],[12255.43, 6360.77],[12261.43, 6360.77],[12278.43, 6360.77],[12280.36, 6360.63],[12282.43, 6360.77],[12286.43, 6360.2],[12292.43, 6359.77],[12295.43, 6358.91],[12296.43, 6358.77],[12300.43, 6357.77],[12305.43, 6357.77],[12313.43, 6357.77],[12322.43, 6357.77],[12328.43, 6357.77],[12337.43, 6357.77],[12354.43, 6357.77],[12360.43, 6357.77],[12369.43, 6357.77],[12378.43, 6357.77],[12395.43, 6357.77],[12401.43, 6357.77],[12410.43, 6357.77],[12419.43, 6357.77],[12428.43, 6357.77],[12436.43, 6357.77],[12442.43, 6357.77],[12454.43, 6357.77],[12460.43, 6357.77],[12465.43, 6357.77],[12466.43, 6357.77],[12474.43, 6357.77],[12479.43, 6357.77],[12484.43, 6357.06],[12488.43, 6356.77],[12490.43, 6356.2],[12493.43, 6355.77],[12495.75, 6354.77],[12504.43, 6354.77],[12510.43, 6354.77],[12518.43, 6354.77],[12527.43, 6354.77],[12532.43, 6354.77],[12537.43, 6354.06],[12541.43, 6353.77],[12543.43, 6353.2],[12546.43, 6352.77],[12549.43, 6351.48],[12550.42, 6351.2],[12556.43, 6350.77],[12559.43, 6349.91],[12560.43, 6349.77],[12564.43, 6348.77],[12565.43, 6348.77],[12568.43, 6347.91],[12570.43, 6347.77],[12578.44, 6345.48],[12581.42, 6345.06],[12585.43, 6344.77],[12587.43, 6344.2],[12590.43, 6343.77],[12593.43, 6342.48],[12599.43, 6340.77],[12601.2, 6339.82],[12601.46, 6339.77],[12609.43, 6339.77],[12612.43, 6338.91],[12614.43, 6338.77],[12621.42, 6336.77],[12627.43, 6336.77],[12630.43, 6335.91],[12632.43, 6335.77],[12646.43, 6331.77],[12646.59, 6331.68],[12651.76, 6330.77],[12653.43, 6330.77],[12656.13, 6330],[12657.43, 6329.77],[12671.43, 6325.77],[12673.43, 6324.77],[12678.39, 6324.06],[12682.43, 6323.77],[12684.43, 6323.2],[12687.43, 6322.77],[12689.76, 6321.77],[12691.43, 6321.77],[12694.44, 6320.91],[12696.43, 6320.77],[12701.76, 6319.25],[12708.43, 6318.77],[12718.42, 6315.91],[12718.43, 6315.91],[12720.43, 6315.77],[12730.43, 6312.91],[12732.43, 6312.77],[12741.43, 6310.2],[12743.43, 6309.77],[12757.43, 6305.77],[12759.13, 6304.86],[12766.43, 6302.77],[12768.13, 6301.86],[12775.43, 6299.77],[12777.13, 6298.86],[12784.43, 6296.77],[12789.52, 6294.03],[12790.43, 6293.77],[12803.43, 6286.77],[12804.53, 6285.87],[12807.3, 6284.38],[12816.43, 6281.77],[12823.61, 6277.9],[12825.43, 6277.77],[12827.43, 6277.2],[12830.43, 6276.77],[12833.42, 6275.49],[12833.43, 6275.48],[12836.43, 6275.06],[12840.43, 6274.77],[12842.43, 6274.2],[12845.43, 6273.77],[12848.43, 6272.48],[12850.41, 6271.91],[12850.42, 6271.91],[12852.43, 6271.77],[12866.43, 6267.77],[12869.26, 6266.25],[12874.43, 6264.77],[12879.52, 6262.03],[12880.43, 6261.77],[12893.43, 6254.77],[12897.56, 6251.4],[12902.43, 6248.77],[12913.43, 6239.77],[12914.18, 6239.02],[12919.43, 6236.77],[12921.32, 6235.66],[12925.43, 6233.77],[12931.43, 6229.77],[12937.43, 6225.77],[12948.43, 6216.77],[12950.26, 6214.94],[12952.43, 6213.77],[12955.27, 6211.45],[12956.43, 6210.77],[12957.93, 6209.27],[12963.43, 6204.77],[12966.63, 6201.57],[12971.43, 6198.77],[12981.43, 6188.77],[12989.43, 6178.1],[12995.43, 6172.77],[12996.78, 6171.12],[12998.43, 6169.77],[13001.43, 6166.77],[13005.93, 6161.27],[13007.43, 6159.77],[13008.11, 6158.61],[13010.43, 6155.77],[13012.78, 6151.42],[13013.43, 6150.77],[13014.09, 6149.64],[13016.43, 6146.77],[13017.6, 6144.6],[13019.43, 6142.77],[13028.43, 6131.77],[13031.41, 6126.25],[13033.43, 6123.77],[13038.1, 6115.1],[13039.43, 6113.77],[13043.93, 6108.27],[13045.43, 6106.77],[13046.11, 6105.61],[13048.43, 6102.77],[13055.43, 6089.77],[13055.82, 6088.41],[13060.43, 6082.77],[13062.34, 6079.22],[13063.43, 6077.77],[13064.2, 6075.77],[13067.43, 6069.77],[13067.95, 6067.94],[13073.43, 6057.77],[13073.75, 6056.65],[13075.43, 6053.77],[13076.12, 6051.38],[13077.43, 6049.77],[13084.43, 6036.77],[13084.69, 6035.85],[13087.43, 6030.77],[13089.14, 6024.78],[13090.13, 6022.47],[13096.43, 6010.77],[13098.14, 6004.77],[13099.43, 6001.77],[13099.78, 6000.55],[13103.43, 5993.77],[13106.43, 5985.77],[13106.63, 5984.84],[13107.43, 5983.77],[13109.93, 5977.27],[13114.43, 5966.77],[13114.56, 5965.83],[13115.96, 5962.19],[13120.43, 5951.77],[13120.81, 5949.11],[13123.43, 5941.77],[13124.1, 5938.66],[13129.43, 5929.77],[13135.43, 5916.77],[13137.43, 5912.77],[13138.35, 5910.62],[13139.43, 5908.77],[13145.43, 5894.77],[13153.43, 5882.77],[13154.48, 5880.82],[13159.43, 5874.77],[13165.43, 5865.77],[13172.43, 5852.77],[13172.69, 5851.85],[13172.89, 5851.49],[13177.43, 5847.77],[13181.93, 5842.27],[13186.43, 5837.77],[13195.43, 5825.77],[13195.63, 5825.24],[13197.43, 5823.77],[13206.43, 5812.77],[13207.92, 5810.01],[13209.43, 5808.77],[13218.43, 5797.77],[13219.78, 5796.12],[13221.43, 5794.77],[13224.43, 5791.77],[13229.16, 5785.99],[13229.43, 5785.77],[13238.43, 5774.77],[13244.73, 5763.07],[13247.43, 5759.77],[13249.53, 5755.87],[13250.43, 5754.77],[13257.43, 5741.77],[13257.69, 5740.86],[13260.43, 5735.77],[13260.69, 5734.86],[13263.43, 5729.77],[13263.69, 5728.86],[13266.43, 5723.77],[13270.43, 5709.77],[13271.43, 5695.77],[13271.43, 5692.77],[13270.43, 5678.77],[13266.43, 5664.77],[13259.43, 5651.77],[13250.43, 5640.77],[13239.43, 5631.77],[13226.43, 5624.77],[13212.43, 5620.77],[13198.43, 5619.77],[13184.43, 5620.77],[13170.43, 5624.77],[13157.43, 5631.77],[13146.43, 5640.77],[13143.73, 5644.07],[13140.43, 5646.77],[13137.43, 5649.77],[13132.93, 5655.27],[13131.43, 5656.77],[13130.75, 5657.93],[13128.43, 5660.77],[13129.59, 5656.94],[13137.04, 5642.9],[13147.43, 5630.77],[13154.52, 5617.41],[13156.43, 5615.77],[13186.55, 5580.63],[13194.43, 5575.77],[13202.31, 5568.65],[13214.43, 5559.77],[13224.39, 5548.73],[13235.43, 5538.77],[13244.31, 5526.65],[13251.43, 5518.77],[13258.52, 5507.28],[13268.11, 5494.21],[13288.43, 5474.77],[13293.23, 5469.17],[13295.43, 5467.18],[13295.43, 5467.77],[13295.43, 5469.77],[13295.43, 5472.77],[13295.43, 5475.77],[13295.43, 5481.77],[13296.43, 5495.77],[13298.77, 5503.96],[13298.43, 5508.77],[13298.43, 5510.77],[13298.43, 5513.77],[13298.43, 5516.77],[13298.43, 5519.77],[13299.43, 5533.77],[13303.43, 5547.77],[13310.43, 5560.77],[13319.43, 5571.77],[13330.43, 5580.77],[13343.43, 5587.77],[13357.43, 5591.77],[13371.43, 5592.77],[13385.43, 5591.77],[13399.43, 5587.77],[13412.43, 5580.77],[13423.43, 5571.77],[13432.43, 5560.77],[13439.43, 5547.77],[13439.69, 5546.86],[13442.43, 5541.77],[13445.99, 5529.31],[13446.43, 5528.77],[13448.34, 5525.22],[13449.43, 5523.77],[13450.2, 5521.77],[13453.43, 5515.77],[13454.56, 5511.84],[13455.43, 5510.77],[13457.53, 5506.87],[13458.43, 5505.77],[13459.31, 5504.15],[13460.43, 5502.77],[13469.43, 5487.77],[13471.74, 5482.77],[13474.43, 5477.77],[13475.06, 5475.58],[13475.43, 5474.77],[13475.86, 5472.77],[13476.78, 5469.55],[13480.43, 5462.77],[13480.78, 5461.55],[13484.43, 5454.77],[13487.43, 5446.77],[13487.65, 5445.73],[13492.43, 5437.77],[13496.79, 5428.33],[13500.93, 5423.27],[13502.43, 5421.77],[13503.11, 5420.61],[13505.43, 5417.77],[13510.33, 5408.67],[13513.93, 5404.27],[13514.43, 5403.77],[13515.43, 5402.44],[13518.43, 5398.77],[13519.57, 5396.91],[13523.43, 5391.77],[13524.58, 5388.77],[13526.15, 5386.22],[13526.91, 5385.29],[13528.43, 5383.77],[13529.11, 5382.6],[13531.43, 5379.77],[13533.78, 5375.42],[13534.43, 5374.77],[13535.09, 5373.64],[13537.43, 5370.77],[13541.63, 5362.97],[13546.43, 5355.77],[13553.43, 5342.77],[13554.57, 5338.77],[13554.82, 5338.18],[13558.43, 5332.77],[13560.24, 5329.4],[13561.43, 5327.77],[13566.43, 5318.77],[13573.1, 5307.1],[13576.43, 5303.77],[13577.43, 5302.77],[13578.1, 5301.77],[13586.91, 5291.2],[13587.43, 5290.77],[13596.43, 5279.77],[13597.43, 5278.77],[13602.43, 5273.77],[13605.27, 5271.45],[13606.43, 5270.77],[13607.93, 5269.27],[13613.43, 5264.77],[13615.25, 5262.95],[13617.43, 5261.77],[13628.43, 5252.77],[13631.43, 5249.77],[13632.78, 5248.12],[13634.43, 5246.77],[13638.93, 5241.27],[13639.43, 5240.77],[13640.78, 5239.12],[13642.43, 5237.77],[13643.78, 5236.12],[13645.43, 5234.77],[13646.78, 5233.12],[13648.43, 5231.77],[13657.43, 5220.77],[13663.43, 5214.77],[13667.48, 5209.82],[13672.43, 5205.77],[13681.43, 5194.77],[13683.33, 5191.23],[13684.43, 5189.77],[13685.43, 5188.77],[13692.43, 5181.77],[13695.43, 5178.77],[13698.05, 5174.27],[13698.43, 5173.77],[13701.43, 5170.77],[13705.93, 5165.27],[13706.43, 5164.77],[13707.43, 5163.77],[13713.43, 5157.77],[13716.43, 5154.77],[13717.08, 5153.65],[13722.43, 5150.77],[13729.63, 5145.97],[13737.43, 5141.77],[13740.27, 5139.45],[13741.43, 5138.77],[13742.1, 5138.1],[13746.43, 5135.77],[13749.27, 5133.44],[13750.43, 5132.77],[13751.93, 5131.27],[13752.48, 5130.82],[13754.43, 5129.77],[13763.43, 5123.77],[13772.43, 5117.77],[13776.83, 5114.17],[13780.43, 5111.77],[13782.12, 5109.91],[13782.43, 5109.77],[13794.43, 5101.77],[13806.68, 5091.27],[13810.43, 5088.77],[13821.43, 5079.77],[13823.43, 5077.77],[13825.75, 5076.09],[13831.43, 5072.77],[13839.43, 5066.77],[13845.43, 5062.77],[13854.43, 5056.77],[13865.43, 5047.77],[13866.99, 5045.87],[13872.26, 5041.22],[13881.56, 5035.02],[13882.43, 5034.77],[13895.43, 5027.77],[13898.27, 5025.45],[13899.43, 5024.77],[13900.93, 5023.27],[13906.43, 5018.77],[13911.43, 5013.77],[13915.43, 5010.77],[13919.63, 5007.97],[13927.43, 5003.77],[13930.27, 5001.45],[13931.43, 5000.77],[13931.65, 5000.55],[13933.43, 4999.91],[13937.43, 4998.77],[13938.69, 4998.03],[13939.43, 4997.77],[13950.47, 4991.33],[13952.43, 4990.77],[13956.1, 4988.79],[13956.43, 4988.77],[13958.43, 4988.2],[13961.43, 4987.77],[13963.76, 4986.77],[13965.43, 4986.77],[13968.43, 4986.77],[13974.43, 4986.77],[13979.43, 4986.77],[13984.43, 4986.06],[13988.43, 4985.77],[13990.43, 4985.2],[13993.43, 4984.77],[13995.76, 4983.77],[14000.43, 4983.77],[14003.43, 4983.77],[14006.43, 4983.77],[14012.43, 4983.77],[14017.43, 4983.77],[14022.43, 4983.06],[14026.43, 4982.77],[14028.43, 4982.2],[14031.43, 4981.77],[14034.43, 4980.48],[14036.42, 4979.91],[14038.43, 4979.77],[14052.43, 4975.77],[14062.04, 4970.6],[14075.43, 4966.77],[14088.43, 4959.77],[14099.43, 4950.77],[14108.43, 4939.77],[14115.43, 4926.77],[14119.43, 4912.77],[14120.43, 4898.77],[14120.43, 4895.77],[14120.43, 4892.77],[14120.43, 4890.77],[14120.43, 4887.77],[14120.43, 4884.77],[14120.43, 4878.77],[14119.43, 4864.77],[14116.57, 4854.77],[14116.57, 4854.76],[14116.43, 4852.77],[14113.57, 4842.77],[14113.57, 4842.76],[14113.43, 4840.77],[14109.43, 4826.77],[14107.9, 4823.93],[14107.57, 4822.77],[14107.57, 4822.76],[14107.43, 4820.77],[14106.19, 4816.44],[14106.19, 4816.43],[14105.43, 4805.77],[14102.76, 4796.44],[14102.76, 4796.42],[14102.43, 4791.77],[14098.43, 4777.77],[14094.4, 4770.29],[14086.43, 4763.77],[14085.08, 4762.12],[14083.43, 4760.77],[14074.43, 4749.77],[14068.13, 4738.07],[14065.43, 4734.77],[14059.65, 4724.04],[14059.43, 4723.77],[14054.88, 4715.32],[14054.43, 4714.77],[14052.94, 4712.01],[14051.43, 4710.77],[14042.43, 4699.77],[14040.86, 4696.85],[14033.43, 4687.77],[14024.43, 4676.77],[14017.43, 4663.77],[14017.17, 4662.86],[14016.88, 4662.32],[14016.43, 4661.77],[14013.81, 4656.9],[14010.43, 4652.77],[14003.43, 4639.77],[14003.17, 4638.86],[14000.43, 4633.77],[14000.34, 4633.47],[13999.43, 4631.77],[13998.89, 4630.34],[13998.43, 4629.77],[13991.43, 4616.77],[13990.91, 4614.94],[13985.43, 4604.77],[13983.72, 4598.77],[13982.43, 4595.77],[13982, 4592.77],[13981.43, 4590.77],[13978.43, 4582.77],[13978.06, 4581.02],[13976.43, 4577.77],[13976.13, 4577.07],[13975.43, 4575.77],[13974.18, 4572.52],[13970.43, 4563.77],[13970.35, 4563.19],[13967.43, 4557.77],[13963.43, 4543.77],[13963.33, 4542.44],[13961.43, 4535.77],[13961.08, 4530.86],[13960.18, 4528.52],[13956.43, 4519.77],[13956.1, 4517.43],[13955.3, 4514.24],[13953.43, 4510.77],[13951.72, 4504.77],[13950.73, 4502.47],[13944.43, 4490.77],[13943.73, 4488.34],[13943.43, 4487.77],[13942.18, 4484.52],[13938.43, 4475.77],[13938.35, 4475.19],[13935.43, 4469.77],[13935.34, 4469.47],[13934.43, 4467.77],[13931.43, 4459.77],[13931.23, 4458.84],[13930.43, 4457.77],[13927.93, 4451.27],[13924.03, 4442.18],[13919.65, 4434.04],[13919.43, 4433.77],[13917.52, 4430.22],[13916.43, 4428.77],[13915.66, 4426.76],[13912.43, 4420.77],[13911.43, 4417.28],[13910.43, 4415.77],[13904.43, 4406.77],[13897.43, 4393.77],[13896.93, 4392.02],[13892.61, 4384.1],[13887.43, 4377.77],[13884.81, 4372.9],[13881.43, 4368.77],[13875.66, 4358.05],[13875.65, 4358.04],[13875.43, 4357.77],[13868.43, 4344.77],[13868.17, 4343.86],[13865.43, 4338.77],[13864.31, 4334.84],[13863.43, 4333.77],[13861.52, 4330.22],[13860.43, 4328.77],[13859.66, 4326.77],[13856.43, 4320.77],[13854.34, 4313.47],[13853.43, 4311.77],[13853.35, 4311.49],[13849.43, 4304.77],[13848.38, 4301.82],[13845.43, 4296.77],[13841.65, 4288.26],[13840.43, 4286.77],[13833.43, 4273.77],[13832.29, 4269.77],[13831.43, 4267.77],[13828.43, 4260.77],[13826.52, 4255.43],[13820.43, 4244.77],[13820.03, 4244.17],[13816.43, 4239.77],[13813.63, 4234.57],[13812.43, 4232.77],[13811.85, 4231.27],[13809.43, 4226.77],[13807.43, 4219.77],[13806.17, 4215.58],[13801.43, 4206.77],[13800.43, 4203.26],[13796.99, 4194.66],[13795.43, 4191.77],[13793.43, 4184.77],[13791.52, 4181.22],[13790.43, 4179.77],[13789.66, 4177.77],[13786.43, 4171.77],[13782.43, 4157.77],[13782.43, 4157.76],[13779.92, 4150.23],[13779.31, 4148.65],[13778.43, 4147.77],[13776.1, 4143.77],[13771.43, 4136.77],[13769.76, 4132.44],[13768.43, 4129.77],[13765.43, 4123.77],[13762.43, 4116.77],[13759.43, 4109.77],[13759.08, 4107.34],[13758.76, 4106.84],[13755.43, 4102.77],[13753.52, 4099.22],[13752.43, 4097.77],[13751.66, 4095.77],[13748.43, 4089.77],[13747.15, 4085.28],[13745.43, 4083.77],[13743.13, 4082.08],[13740.43, 4079.77],[13738.46, 4078.66],[13736.22, 4077.02],[13726.43, 4063.77],[13715.4, 4051.55],[13710.43, 4044.77],[13703.49, 4038.35],[13689.43, 4022.77],[13676, 4012.92],[13670.43, 4007.77],[13662.58, 4002.93],[13662.43, 4000.77],[13658.43, 3986.77],[13655.69, 3981.68],[13655.43, 3980.77],[13652.69, 3975.69],[13652.43, 3974.77],[13649.08, 3968.55],[13647.43, 3962.77],[13640.43, 3949.77],[13635.48, 3943.72],[13634.43, 3941.77],[13631.73, 3938.47],[13629.69, 3934.68],[13629.43, 3933.77],[13622.43, 3920.77],[13616.43, 3911.77],[13607.43, 3900.77],[13604.43, 3897.77],[13603.68, 3896.64],[13603.43, 3895.77],[13596.43, 3882.77],[13594.11, 3879.93],[13593.43, 3878.77],[13591.93, 3877.27],[13587.43, 3871.77],[13584.43, 3868.77],[13578.43, 3862.77],[13575.92, 3860.26],[13574.43, 3858.44],[13572.43, 3855.77],[13571.43, 3854.77],[13566.43, 3849.77],[13564.93, 3848.27],[13560.43, 3842.77],[13557.43, 3839.77],[13546.43, 3830.77],[13542.52, 3828.67],[13542.5, 3828.65],[13541.43, 3827.77],[13536.54, 3825.14],[13532.43, 3821.77],[13519.43, 3814.77],[13517.6, 3814.25],[13517.59, 3814.24],[13515.56, 3813.15],[13515.55, 3813.14],[13511.43, 3809.77],[13498.43, 3802.77],[13488.55, 3799.95],[13488.54, 3799.94],[13486.43, 3798.77],[13479.43, 3795.77],[13466.43, 3788.77],[13464.6, 3788.25],[13454.43, 3782.77],[13448.43, 3781.06],[13446.13, 3780.07],[13436.6, 3774.94],[13436.43, 3774.77],[13435.27, 3774.09],[13432.43, 3771.77],[13419.43, 3764.77],[13418.24, 3764.43],[13417.43, 3763.77],[13412.43, 3760.77],[13403.43, 3754.77],[13401.26, 3753.6],[13399.43, 3751.77],[13388.43, 3742.77],[13379.98, 3738.22],[13379.43, 3737.77],[13378.43, 3736.77],[13377.27, 3736.1],[13374.43, 3733.77],[13370.1, 3731.44],[13369.43, 3730.77],[13368.27, 3730.09],[13365.43, 3727.77],[13361.1, 3725.44],[13358.43, 3722.77],[13355.43, 3719.77],[13349.93, 3715.27],[13348.43, 3713.77],[13347.27, 3713.09],[13344.43, 3710.77],[13342.48, 3709.72],[13336.43, 3704.77],[13333.43, 3702.77],[13326.43, 3695.77],[13320.93, 3691.27],[13319.43, 3689.77],[13318.27, 3689.1],[13315.43, 3686.77],[13310.54, 3684.14],[13306.43, 3680.77],[13303.54, 3679.21],[13301.1, 3677.44],[13299.43, 3675.77],[13290.14, 3670.35],[13289.43, 3669.77],[13286.43, 3667.77],[13285.43, 3666.77],[13279.93, 3662.27],[13278.43, 3660.77],[13277.27, 3660.09],[13274.43, 3657.77],[13261.43, 3650.77],[13261.09, 3650.67],[13256.93, 3647.27],[13256.43, 3646.77],[13255.83, 3646.37],[13251.43, 3642.77],[13246.23, 3639.97],[13244.43, 3638.77],[13242.93, 3638.19],[13238.43, 3635.77],[13235.63, 3634.97],[13232.43, 3631.77],[13221.43, 3622.77],[13208.43, 3615.77],[13206.05, 3615.09],[13204.43, 3613.77],[13194.69, 3608.53],[13186.43, 3601.77],[13173.43, 3594.77],[13161.76, 3591.44],[13161.74, 3591.43],[13158.43, 3589.77],[13157.43, 3589.27],[13155.43, 3587.77],[13148.93, 3585.27],[13138.43, 3580.77],[13134.93, 3580.27],[13133.43, 3579.77],[13133.24, 3579.71],[13128.43, 3575.77],[13115.43, 3568.77],[13101.43, 3564.77],[13093.03, 3564.17],[13087.43, 3562.77],[13085.68, 3562.52],[13083.43, 3561.77],[13078.03, 3559.97],[13075.43, 3558.77],[13058.43, 3552.77],[13056.39, 3552.33],[13055.43, 3551.77],[13048.43, 3549.77],[13041.43, 3547.77],[13036.17, 3546.27],[13023.43, 3541.77],[13020.63, 3541.17],[13019.43, 3540.77],[13001.93, 3533.27],[12995.43, 3529.77],[12987.43, 3526.77],[12979.03, 3524.97],[12975.43, 3523.77],[12965.68, 3520.52],[12962.43, 3518.77],[12948.43, 3514.77],[12946.42, 3514.63],[12943.43, 3513.77],[12939.43, 3513.77],[12933.52, 3511.41],[12932.43, 3510.77],[12930.68, 3510.27],[12929.43, 3509.77],[12915.43, 3505.77],[12914.1, 3505.67],[12907.43, 3503.77],[12904.79, 3503.58],[12901.43, 3501.77],[12892.43, 3499.2],[12888.43, 3497.77],[12883.48, 3497.42],[12880.43, 3495.77],[12866.43, 3491.77],[12864.43, 3491.63],[12861.43, 3490.77],[12854.43, 3490.77],[12850.43, 3489.77],[12849.43, 3489.63],[12846.43, 3488.77],[12840.43, 3488.34],[12836.43, 3487.77],[12834.36, 3487.91],[12833.83, 3487.87],[12829.43, 3486.77],[12828.43, 3486.63],[12825.43, 3485.77],[12819.43, 3485.34],[12815.43, 3484.77],[12813.36, 3484.91],[12811.43, 3484.77],[12808.43, 3484.77],[12806.76, 3484.77],[12804.43, 3483.77],[12801.43, 3483.34],[12799.43, 3482.77],[12795.45, 3482.49],[12790.43, 3481.77],[12788.75, 3481.77],[12786.43, 3480.77],[12783.43, 3480.34],[12781.43, 3479.77],[12777.43, 3479.48],[12772.43, 3478.77],[12767.43, 3478.77],[12762.43, 3478.77],[12758.43, 3478.77],[12753.43, 3478.77],[12747.43, 3478.77],[12744.43, 3478.77],[12732.43, 3478.77],[12723.43, 3478.77],[12715.43, 3478.77],[12712.43, 3478.77],[12705.43, 3476.77],[12703.43, 3476.63],[12700.43, 3475.77],[12691.43, 3475.77],[12686.43, 3475.77],[12680.43, 3475.77],[12662.43, 3475.77],[12650.43, 3475.77],[12644.43, 3475.77],[12630.43, 3475.77],[12624.43, 3475.77],[12615.43, 3475.77],[12603.43, 3475.77],[12595.43, 3475.77],[12589.43, 3475.77],[12575.43, 3476.77],[12565.43, 3478.77],[12562.43, 3478.77],[12548.43, 3478.77],[12539.43, 3478.77],[12525.43, 3479.77],[12515.43, 3481.77],[12510.43, 3481.77],[12496.43, 3482.77],[12486.43, 3484.77],[12481.43, 3485.77],[12471.76, 3488.53],[12468.43, 3488.77],[12458.43, 3490.91],[12446.43, 3491.77],[12443.63, 3492.57],[12436.43, 3493.77],[12422.43, 3494.77],[12420.81, 3495.23],[12411.19, 3496.93],[12399.43, 3497.77],[12388.87, 3499.88],[12376.43, 3500.77],[12373.63, 3501.57],[12366.43, 3502.77],[12363.43, 3502.77],[12346.43, 3502.77],[12340.43, 3502.77],[12325.43, 3502.77],[12316.43, 3502.77],[12313.43, 3502.77],[12311.5, 3502.91],[12309.43, 3502.77],[12305.43, 3503.34],[12299.43, 3503.77],[12296.43, 3504.63],[12295.43, 3504.77],[12293.43, 3504.77],[12287.43, 3504.77],[12284.43, 3504.77],[12279.43, 3504.77],[12274.43, 3505.48],[12270.43, 3505.77],[12268.43, 3506.34],[12265.43, 3506.77],[12262.43, 3508.06],[12256.43, 3509.77],[12254.74, 3510.68],[12247.43, 3512.77],[12242.34, 3515.51],[12241.43, 3515.77],[12238.6, 3517.29],[12233.43, 3518.77],[12228.34, 3521.51],[12227.43, 3521.77],[12222.58, 3524.38],[12216.1, 3525.77],[12215.43, 3525.77],[12210.43, 3526.48],[12206.43, 3526.77],[12204.43, 3527.34],[12201.43, 3527.77],[12198.45, 3529.05],[12196.43, 3529.63],[12194.43, 3529.77],[12192.43, 3530.34],[12189.43, 3530.77],[12186.45, 3532.05],[12186.43, 3532.06],[12186.41, 3532.06],[12176.43, 3532.77],[12169.43, 3534.77],[12168.43, 3534.77],[12163.43, 3535.48],[12159.43, 3535.77],[12157.43, 3536.34],[12154.43, 3536.77],[12151.45, 3538.05],[12149.43, 3538.63],[12147.43, 3538.77],[12145.43, 3539.34],[12142.43, 3539.77],[12140.1, 3540.77],[12135.43, 3540.77],[12132.43, 3541.63],[12130.43, 3541.77],[12116.43, 3545.77],[12114.43, 3545.77],[12109.43, 3545.77],[12104.43, 3546.48],[12100.43, 3546.77],[12098.43, 3547.34],[12095.43, 3547.77],[12092.45, 3549.05],[12090.09, 3549.73],[12089.43, 3549.77],[12079.43, 3552.63],[12079.42, 3552.63],[12077.43, 3552.77],[12063.43, 3556.77],[12058.34, 3559.51],[12057.43, 3559.77],[12052.34, 3562.51],[12051.43, 3562.77],[12038.43, 3569.77],[12035.13, 3572.47],[12023.43, 3578.77],[12022.33, 3579.67],[12018.43, 3581.77],[12014.31, 3585.15],[12014.27, 3585.17],[12009.43, 3587.77],[12005.31, 3591.15],[12005.27, 3591.17],[12000.43, 3593.77],[11989.43, 3602.77],[11988.93, 3603.27],[11983.43, 3607.77],[11982.08, 3609.42],[11980.43, 3610.77],[11979.08, 3612.42],[11977.43, 3613.77],[11968.43, 3624.77],[11961.43, 3637.77],[11961.17, 3638.68],[11958.43, 3643.77],[11958.17, 3644.68],[11955.43, 3649.77],[11954.04, 3654.64],[11954.04, 3654.65],[11953.43, 3655.77],[11953.17, 3656.68],[11950.43, 3661.77],[11950.17, 3662.68],[11947.43, 3667.77],[11945.95, 3672.94],[11944.43, 3675.77],[11942.08, 3683.99],[11938.43, 3690.77],[11934.43, 3704.77],[11934.16, 3708.57],[11932.43, 3711.77],[11930.72, 3717.77],[11929.43, 3720.77],[11929, 3723.77],[11928.43, 3725.77],[11928.38, 3726.45],[11927.72, 3728.77],[11926.43, 3731.77],[11926, 3734.77],[11925.43, 3736.77],[11925.14, 3740.78],[11924.72, 3743.76],[11922.43, 3751.77],[11922, 3757.77],[11919.43, 3766.77],[11919.38, 3767.43],[11918.34, 3771.07],[11917.43, 3772.77],[11917.17, 3773.68],[11914.43, 3778.77],[11911.7, 3788.32],[11911.43, 3788.77],[11909.12, 3793.77],[11906.43, 3798.77],[11905.8, 3800.96],[11905.43, 3801.77],[11905.01, 3803.73],[11904.34, 3806.07],[11903.43, 3807.77],[11903.17, 3808.68],[11900.43, 3813.77],[11896.43, 3827.77],[11896.05, 3833.15],[11894.43, 3833.77],[11892.98, 3834.86],[11889.43, 3836.77],[11880.39, 3844.18],[11877.43, 3845.77],[11866.43, 3854.77],[11857.43, 3865.77],[11850.29, 3871.61],[11847.13, 3868.96],[11846.69, 3874.56],[11846.43, 3874.77],[11843.73, 3878.07],[11840.43, 3880.77],[11837.43, 3883.77],[11834.43, 3886.77],[11831.43, 3889.77],[11830.08, 3891.42],[11828.43, 3892.77],[11825.43, 3895.77],[11816.43, 3906.77],[11814.33, 3910.67],[11813.43, 3911.77],[11806.43, 3924.77],[11804.07, 3933],[11800.43, 3939.77],[11798.72, 3945.77],[11797.43, 3948.77],[11797, 3951.78],[11796.43, 3953.77],[11796.32, 3955.29],[11787.43, 3962.77],[11765.43, 3974.77],[11753.59, 3978.37],[11753.58, 3978.38],[11742.43, 3987.77],[11737.13, 3990.66],[11728.51, 3998.81],[11717.43, 4011.27],[11715.43, 4013.77],[11714.68, 4014.36],[11713.43, 4015.77],[11702.76, 4023.77],[11696.43, 4028.77],[11693.43, 4030.77],[11692.43, 4031.44],[11682.43, 4044.77],[11678.79, 4048.63],[11676.43, 4051.77],[11670.77, 4057.11],[11665.43, 4062.77],[11662.29, 4065.13],[11658.43, 4068.77],[11648.1, 4076.72],[11647.78, 4077.12],[11642.43, 4084.77],[11639.18, 4088.02],[11635.43, 4092.77],[11630.43, 4096.77],[11624.43, 4102.77],[11604.43, 4118.77],[11599.43, 4123.77],[11579.68, 4143.52],[11571.43, 4154.77],[11570.13, 4156.14],[11569.07, 4158.09],[11564.43, 4168.77],[11550.43, 4188.77],[11536.55, 4201.88],[11534.43, 4205.77],[11524.36, 4217.73],[11514.43, 4233.77],[11512, 4236.34],[11500.43, 4251.77],[11499.99, 4252.24],[11493.43, 4255.77],[11482.43, 4264.77],[11473.43, 4275.77],[11466.43, 4288.77],[11462.43, 4302.77],[11461.43, 4316.77],[11462.43, 4330.77],[11466.43, 4344.77],[11473.43, 4357.77],[11482.43, 4368.77],[11486.83, 4372.37],[11488.43, 4374.77],[11492.03, 4379.17],[11492.43, 4379.77],[11500.43, 4389.77],[11503.24, 4393.29],[11503.43, 4393.77],[11503.66, 4394.08],[11504.43, 4396.77],[11509.91, 4406.94],[11510.43, 4408.77],[11512.24, 4412.13],[11512.43, 4414.77],[11514.43, 4421.76],[11514.43, 4423.77],[11515.15, 4428.79],[11515.18, 4429.24],[11514.43, 4439.77],[11514.43, 4440.99],[11510.93, 4445.27],[11509.43, 4446.77],[11508.75, 4447.93],[11506.43, 4450.77],[11504.89, 4453.65],[11504.88, 4453.67],[11503.74, 4455.06],[11500.43, 4457.77],[11491.43, 4468.77],[11489.89, 4471.65],[11489.88, 4471.67],[11482.43, 4480.77],[11473.43, 4491.77],[11467.7, 4502.41],[11467.43, 4502.77],[11467.24, 4503.27],[11466.43, 4504.77],[11466.17, 4505.68],[11465.88, 4506.22],[11465.43, 4506.77],[11462.83, 4511.62],[11462.81, 4511.65],[11459.43, 4515.77],[11450.43, 4526.77],[11448.96, 4529.52],[11447.43, 4530.77],[11444.43, 4533.77],[11443.08, 4535.42],[11441.43, 4536.77],[11440.08, 4538.42],[11438.43, 4539.77],[11433.73, 4545.52],[11433.43, 4545.77],[11430.43, 4548.77],[11430.21, 4549.04],[11424.43, 4553.77],[11421.43, 4556.77],[11418.43, 4559.77],[11417.08, 4561.42],[11415.43, 4562.77],[11406.43, 4573.77],[11404.88, 4576.67],[11404.87, 4576.68],[11397.43, 4585.77],[11394.83, 4590.62],[11394.81, 4590.65],[11391.43, 4594.77],[11389.51, 4598.34],[11383.43, 4605.77],[11376.43, 4618.77],[11376.17, 4619.68],[11373.43, 4624.77],[11373.17, 4625.68],[11371.13, 4629.47],[11368.43, 4632.77],[11361.43, 4645.77],[11359.34, 4653.07],[11358.43, 4654.77],[11354.43, 4668.77],[11353.43, 4682.77],[11353.76, 4687.37],[11353.43, 4687.77],[11346.43, 4700.77],[11346.17, 4701.68],[11344.3, 4705.15],[11344.08, 4705.42],[11342.43, 4706.77],[11333.43, 4717.77],[11324.43, 4728.77],[11317.43, 4741.77],[11317.17, 4742.68],[11315.13, 4746.47],[11312.43, 4749.77],[11305.43, 4762.77],[11303.34, 4770.08],[11302.43, 4771.77],[11302.17, 4772.68],[11299.43, 4777.77],[11298.65, 4780.51],[11297.43, 4782.77],[11297.17, 4783.68],[11294.43, 4788.77],[11293.31, 4792.69],[11293.31, 4792.7],[11292.43, 4793.77],[11285.43, 4806.77],[11284.75, 4809.15],[11284.75, 4809.16],[11283.43, 4810.77],[11276.43, 4823.77],[11276.17, 4824.68],[11273.43, 4829.77],[11272.92, 4831.58],[11272.91, 4831.6],[11267.43, 4841.77],[11266.31, 4845.7],[11265.43, 4846.77],[11262.48, 4852.27],[11262.46, 4852.3],[11260.43, 4854.77],[11253.43, 4867.77],[11249.43, 4881.77],[11249.29, 4883.77],[11248.72, 4885.77],[11247.43, 4888.77],[11245.71, 4894.78],[11244.43, 4897.77],[11244, 4900.77],[11243.43, 4902.77],[11243.29, 4904.77],[11242.71, 4906.79],[11241.43, 4909.77],[11241, 4912.77],[11240.86, 4913.25],[11238.43, 4917.77],[11236.72, 4923.77],[11235.43, 4926.77],[11235, 4929.77],[11234.43, 4931.77],[11234.29, 4933.77],[11233.71, 4935.79],[11232.43, 4938.77],[11232, 4941.77],[11231.43, 4943.77],[11231.29, 4945.77],[11230.71, 4947.79],[11229.43, 4950.77],[11229, 4953.77],[11228.43, 4955.77],[11228.14, 4959.77],[11227.93, 4961.28],[11226.43, 4964.77],[11225.93, 4968.27],[11225.43, 4969.77],[11224.81, 4971.65],[11220.43, 4979.77],[11218.72, 4985.77],[11217.43, 4988.77],[11217, 4991.77],[11216.43, 4993.77],[11216.21, 4996.79],[11214.01, 5007.07],[11214, 5007.1],[11213.95, 5007.21],[11209.43, 5017.77],[11208.93, 5021.27],[11208.43, 5022.77],[11207.43, 5025.77],[11202.43, 5039.77],[11201.26, 5045.23],[11200.43, 5046.77],[11198.72, 5052.76],[11197.43, 5055.77],[11197, 5058.77],[11196.43, 5060.77],[11196.14, 5064.77],[11195.43, 5069.77],[11195.43, 5070.97],[11194.43, 5073.77],[11191.43, 5084.77],[11191, 5087.77],[11190.43, 5089.77],[11190.28, 5091.78],[11187.43, 5101.77],[11186.66, 5112.57],[11186.66, 5112.58],[11184.43, 5116.77],[11168.43, 5169.77],[11167.19, 5183.45],[11167.18, 5183.47],[11165.56, 5188.84],[11161.43, 5200.77],[11160.8, 5204.59],[11157.43, 5215.77],[11157.34, 5216.75],[11150.43, 5229.77],[11143.94, 5251.27],[11139.43, 5262.77],[11138.2, 5270.28],[11134.43, 5282.77],[11132.27, 5306.52],[11130.43, 5317.77],[11130.5, 5321.63],[11130.43, 5321.77],[11129.8, 5323.97],[11129.43, 5324.77],[11129, 5326.77],[11128.34, 5329.08],[11127.43, 5330.77],[11123.43, 5344.77],[11123.41, 5345.1],[11121.43, 5348.77],[11119.71, 5354.78],[11118.43, 5357.77],[11116.95, 5362.95],[11116.13, 5364.47],[11113.43, 5367.77],[11107.13, 5379.47],[11104.43, 5382.77],[11097.43, 5395.77],[11093.43, 5409.77],[11092.43, 5423.77],[11092.43, 5426.77],[11092.43, 5428.77],[11092.43, 5431.77],[11093.43, 5445.77],[11096.29, 5455.76],[11096.29, 5455.77],[11096.43, 5457.77],[11098.43, 5464.75],[11098.43, 5467.77],[11098.43, 5475.77],[11098.43, 5481.77],[11098.43, 5483.91],[11097.43, 5485.77],[11093.43, 5499.77],[11092.72, 5509.75],[11092.72, 5509.77],[11090.43, 5517.77],[11089.43, 5531.77],[11089.43, 5534.77],[11089.43, 5537.27],[11088.43, 5540.77],[11087.43, 5554.77],[11087.43, 5560.77],[11087.43, 5563.77],[11085.43, 5570.77],[11084.43, 5584.77],[11084.43, 5587.77],[11084.43, 5590.77],[11084.43, 5592.77],[11084.43, 5595.77],[11084.43, 5598.77],[11084.43, 5601.77],[11084.43, 5604.77],[11084.43, 5607.77],[11084.43, 5610.77],[11084.43, 5613.77],[11084.43, 5616.77],[11084.43, 5619.77],[11084.43, 5625.77],[11084.43, 5628.77],[11085.06, 5637.77],[11083.43, 5637.77],[11080.43, 5637.77],[11077.43, 5637.77],[11075.43, 5637.77],[11061.43, 5638.77],[11047.43, 5642.77],[11042.34, 5645.51],[11041.43, 5645.77],[11038.6, 5647.29],[11026.43, 5650.77],[11013.43, 5657.77],[11002.43, 5666.77],[10993.43, 5677.77],[10986.43, 5690.77],[10982.43, 5704.77],[10981.43, 5718.77],[10982.43, 5732.77],[10986.43, 5746.77],[10993.43, 5759.77],[11002.43, 5770.77],[11013.43, 5779.77],[11026.43, 5786.77],[11040.43, 5790.77],[11054.43, 5791.77],[11057.43, 5791.77],[11060.43, 5791.77],[11063.43, 5791.77],[11066.43, 5791.77],[11074.26, 5791.2],[11074.08, 5791.42],[11072.43, 5792.77],[11063.43, 5803.77],[11056.43, 5816.77],[11056.17, 5817.68],[11053.43, 5822.77],[11051.34, 5830.07],[11050.43, 5831.77],[11046.43, 5845.77],[11045.43, 5859.77],[11045.43, 5862.77],[11045.43, 5865.27],[11044.43, 5868.77],[11044.29, 5870.76],[11044.29, 5870.77],[11043.36, 5874.05],[11043.35, 5874.07],[11042.43, 5875.77],[11038.43, 5889.77],[11038, 5895.77],[11035.43, 5904.77],[11034.43, 5918.77],[11034.43, 5920.77],[11034.43, 5923.77],[11034.43, 5926.77],[11034.43, 5929.77],[11035.43, 5943.77],[11039.43, 5957.77],[11042.17, 5962.86],[11042.43, 5963.77],[11043.34, 5965.47],[11045.43, 5972.77],[11048.17, 5977.86],[11048.43, 5978.77],[11049.04, 5979.89],[11049.04, 5979.9],[11050.43, 5984.77],[11057.43, 5997.77],[11057.65, 5998.04],[11063.43, 6008.77],[11072.43, 6019.77],[11073.76, 6021.1],[11078.43, 6029.77],[11080.75, 6032.61],[11081.43, 6033.77],[11082.93, 6035.27],[11087.43, 6040.77],[11087.63, 6040.97],[11090.43, 6045.77],[11097.68, 6053.02],[11101.43, 6059.77],[11102.62, 6061.4],[11104.43, 6064.77],[11109.83, 6071.37],[11113.43, 6076.77],[11114.3, 6077.83],[11115.43, 6079.77],[11121.43, 6087.77],[11125.98, 6092.77],[11128.43, 6095.77],[11129.49, 6096.64],[11131.43, 6098.77],[11134.43, 6100.77],[11136.18, 6102.52],[11140.96, 6109.03],[11142.43, 6111.77],[11151.43, 6122.77],[11154.43, 6125.77],[11163.43, 6136.77],[11169.43, 6142.77],[11178.43, 6151.77],[11180.43, 6153.77],[11181.52, 6155.22],[11183.43, 6158.77],[11192.43, 6169.77],[11195.43, 6172.77],[11197.08, 6174.12],[11198.43, 6175.77],[11200.75, 6178.6],[11201.43, 6179.77],[11202.93, 6181.27],[11207.43, 6186.77],[11213.43, 6192.77],[11216.43, 6195.77],[11219.73, 6198.47],[11222.43, 6201.77],[11225.43, 6204.77],[11228.43, 6207.77],[11228.71, 6208],[11233.43, 6213.77],[11238.93, 6218.27],[11240.43, 6219.77],[11241.59, 6220.45],[11244.43, 6222.77],[11249.63, 6225.57],[11251.43, 6227.77],[11254.43, 6230.77],[11259.93, 6235.27],[11264.43, 6239.77],[11267.43, 6242.77],[11271.93, 6245.4],[11272.43, 6245.77],[11272.5, 6245.83],[11274.03, 6247.08],[11274.43, 6247.77],[11277.43, 6250.77],[11284.43, 6257.77],[11287.43, 6260.77],[11291.93, 6263.4],[11296.43, 6266.77],[11300.55, 6268.36],[11302.43, 6269.77],[11304.43, 6271.77],[11309.93, 6276.27],[11311.43, 6277.77],[11312.59, 6278.45],[11315.43, 6280.77],[11320.31, 6283.4],[11324.43, 6286.77],[11327.43, 6289.77],[11330.43, 6292.77],[11341.43, 6301.77],[11354.43, 6308.77],[11354.6, 6308.82],[11359.43, 6312.77],[11372.43, 6319.77],[11374.81, 6320.45],[11374.82, 6320.45],[11376.43, 6321.77],[11389.43, 6328.77],[11390.34, 6329.03],[11395.43, 6331.77],[11402.74, 6333.86],[11404.43, 6334.77],[11405.34, 6335.03],[11408.16, 6336.55],[11408.43, 6336.77],[11421.43, 6343.77],[11428.73, 6345.86],[11430.43, 6346.77],[11444.43, 6350.77],[11445.16, 6350.82],[11446.43, 6351.77],[11452.93, 6354.27],[11463.43, 6358.77],[11464.43, 6358.91],[11473.43, 6362.77],[11475.43, 6363.77],[11476.43, 6364.27],[11478.43, 6365.77],[11484.72, 6368.19],[11485.43, 6368.77],[11489.33, 6370.87],[11490.43, 6371.77],[11503.43, 6378.77],[11510.73, 6380.86],[11512.43, 6381.77],[11526.43, 6385.77],[11540.43, 6386.77],[11543.43, 6386.77],[11546.43, 6386.77],[11549.43, 6386.77],[11552.43, 6386.77],[11555.43, 6386.77],[11558.43, 6386.77],[11561.43, 6386.77],[11564.43, 6386.77],[11567.43, 6386.77],[11570.43, 6386.77],[11572.43, 6386.77],[11575.43, 6386.77],[11578.43, 6386.77],[11584.43, 6386.77],[11590.43, 6386.77],[11596.43, 6386.77],[11602.43, 6386.77],[11605.43, 6386.77],[11611.43, 6386.77],[11616.43, 6386.77],[11630.43, 6385.77],[11637.43, 6383.77],[11640.43, 6383.77],[11644.43, 6383.77],[11646.43, 6383.77],[11660.43, 6382.77],[11666.43, 6381.06],[11667.78, 6380.77],[11684.43, 6380.77],[11693.43, 6380.77],[11701.43, 6380.77],[11713.43, 6380.77],[11734.43, 6380.77],[11742.43, 6380.77],[11754.43, 6380.77],[11766.43, 6380.77],[11775.43, 6380.77],[11795.43, 6380.77],[11804.43, 6380.77],[11809.43, 6380.77],[11814.43, 6380.06],[11818.43, 6379.77],[11820.43, 6379.2],[11823.43, 6378.77],[11825.76, 6377.77],[11833.43, 6377.77],[11834.43, 6377.77],[11839.43, 6377.77]]]]},"properties":{"objectType":"annotation","name":"c26foxO","classification":{"name":"in_tissue","color":[30, 22, 117]},"isLocked":true}}]}